"Country","Year","Estimated MDR/RR-TB cases among notified pulmonary TB cases","New cases tested for RR-/MDR-TB (%)","Previously treated cases tested for RR-/MDR-TB (%)","Confirmed cases of RR-/MDR-TB","Cases started on MDR-TB treatment"
"Afghanistan","2015","1 400 [1 100 - 1 600]","0.0","3.5","81"," 81"
"Afghanistan","2014","","<0.1","8.5","88"," 88"
"Afghanistan","2013","","<0.1","1.7","73"," 49"
"Afghanistan","2012","","","2.0","38"," 38"
"Afghanistan","2011","","","","20"," 21"
"Afghanistan","2010","","1.8","2.6","19"," 0"
"Afghanistan","2008","","","",""," 0"
"Albania","2015","8 [1 - 15]","1.8","29","4"," 3"
"Albania","2014","","13.0","38","3"," 0"
"Albania","2013","","14.0","21","2"," 0"
"Albania","2012","","76.0","52","5"," 0"
"Albania","2011","","87.0","61","11"," 0"
"Albania","2010","","76.0","63","3"," 0"
"Albania","2009","","58.0","43","2"," 0"
"Albania","2008","",">100","69","2",""
"Albania","2007","","94.0","72","3",""
"Albania","2006","","71.0","14","1",""
"Albania","2005","","75.0","28","1",""
"Algeria","2015","160 [49 - 270]","2.1","42","63"," 94"
"Algeria","2014","","7.1","32","65"," 56"
"Algeria","2010","","","","56"," 56"
"Algeria","2009","","","",""," 93"
"Algeria","2005","","9.1","23","74",""
"Andorra","2015","0 [0 - 2]","75.0","","0"," 0"
"Andorra","2014","",">100","100","2"," 0"
"Andorra","2013","","100","","1"," 0"
"Andorra","2012","",">100","","0"," 0"
"Andorra","2011","",">100","100","0"," 0"
"Andorra","2010","","100","","0"," 0"
"Andorra","2009","","67.0","50","0"," 0"
"Andorra","2008","","100","","0",""
"Andorra","2007","","100","0","0",""
"Andorra","2006","","100","0","0",""
"Andorra","2005","",">100","","0",""
"Angola","2015","2 700 [430 - 5 000]","","","227"," 227"
"Angola","2014","","0.1","4.9","307"," 307"
"Angola","2013","","0.0","3.1","232"," 116"
"Angola","2012","","","1.0","45"," 45"
"Angola","2011","","0.1","","69"," 5"
"Angola","2010","","","","3"," 3"
"Angola","2009","","","",""," 0"
"Antigua and Barbuda","2014","","0.0","","0"," 0"
"Antigua and Barbuda","2013","","0.0","0","0"," 0"
"Antigua and Barbuda","2012","","0.0","0","0"," 1"
"Antigua and Barbuda","2011","","0.0","0","0"," 0"
"Antigua and Barbuda","2010","","0.0","","0"," 0"
"Antigua and Barbuda","2009","","0.0","50","0"," 0"
"Antigua and Barbuda","2008","","","",""," 0"
"Argentina","2015","440 [300 - 570]","8.0","16","120"," 110"
"Argentina","2014","","36.0","41","114"," 78"
"Argentina","2013","","27.0","54","85",""
"Argentina","2012","","","","63"," 63"
"Argentina","2011","","0.0","0","103"," 103"
"Argentina","2010","","","","109",""
"Argentina","2009","","","","89"," 0"
"Argentina","2008","","","","142"," 112"
"Argentina","2005","","46.0",">100","276",""
"Armenia","2015","150 [130 - 180]","0.0","0","101"," 268"
"Armenia","2014","","96.0","17","111"," 120"
"Armenia","2013","","100","20","119"," 119"
"Armenia","2012","","94.0","23","104"," 101"
"Armenia","2011","","96.0","24","94"," 88"
"Armenia","2010","","87.0","22","182"," 154"
"Armenia","2009","",">100","37","165"," 134"
"Armenia","2008","","70.0","31","128",""
"Armenia","2007","","86.0","36","125",""
"Armenia","2006","","90.0","62","215",""
"Armenia","2005","","99.0","56","162",""
"Australia","2015","35 [23 - 48]","76.0","63","37"," 35"
"Australia","2014","",">100","79","24"," 23"
"Australia","2013","",">100","72","26"," 22"
"Australia","2012","",">100","70","22"," 16"
"Australia","2011","","99.0","55","30"," 26"
"Australia","2010","",">100","74","35"," 36"
"Australia","2009","","","","37"," 26"
"Australia","2008","","","","21"," 19"
"Australia","2007","","","","27",""
"Australia","2005","","","","14",""
"Austria","2015","14 [5 - 24]","61.0","42","13"," 13"
"Austria","2014","","81.0","62","50"," 3"
"Austria","2013","",">100","68","16"," 4"
"Austria","2012","","93.0","62","27",""
"Austria","2011","","95.0","52","22",""
"Austria","2010","","97.0","55","16"," 15"
"Austria","2009","",">100","62","23",""
"Austria","2008","","","","16",""
"Austria","2007","",">100","13","9",""
"Austria","2006","",">100","61","10",""
"Austria","2005","",">100","62","16",""
"Azerbaijan","2015","1 400 [1 100 - 1 600]","32.0","68","1 171"," 827"
"Azerbaijan","2014","",">100",">100","1 007"," 814"
"Azerbaijan","2013","","76.0","55","1 039"," 771"
"Azerbaijan","2012","","47.0","44","669"," 404"
"Azerbaijan","2011","","25.0","7.0","821"," 592"
"Azerbaijan","2010","","19.0","48","557"," 286"
"Azerbaijan","2007","","16.0","8.9","196",""
"Azerbaijan","2006","","28.0","12","398",""
"Azerbaijan","2005","","29.0","11","800",""
"Bahamas","2015","7 [1 - 14]","54.0","67","3"," 1"
"Bahamas","2014","","84.0","50","0"," 0"
"Bahamas","2013","","62.0","100","2"," 0"
"Bahamas","2012","","84.0","","3"," 1"
"Bahamas","2011","","97.0","50","6"," 1"
"Bahamas","2010","","95.0","100","5"," 0"
"Bahamas","2009","",">100","80","3"," 0"
"Bahamas","2008","","96.0","75","1"," 1"
"Bahamas","2007","","92.0","67","0",""
"Bahrain","2013","",">100","","6"," 0"
"Bahrain","2012","",">100","","4"," 0"
"Bahrain","2011","","99.0","","18"," 1"
"Bahrain","2010","","70.0","","0"," 0"
"Bahrain","2009","","15.0","","0"," 0"
"Bahrain","2008","","9.2","","0"," 0"
"Bahrain","2006","","2.0","","2",""
"Bahrain","2005","","2.0","","4",""
"Bangladesh","2015","5 100 [3 500 - 6 800]","5.5","63","954"," 880"
"Bangladesh","2014","","12.0","51","994"," 945"
"Bangladesh","2013","","0.4","50","1 024"," 684"
"Bangladesh","2012","","<0.1","15","901"," 513"
"Bangladesh","2011","","<0.1","10","519"," 390"
"Bangladesh","2010","","","4.3","351"," 339"
"Bangladesh","2009","","","",""," 352"
"Bangladesh","2008","","","",""," 107"
"Barbados","2015","0 [0 - 0]","","","0"," 0"
"Barbados","2014","","100","","0"," 0"
"Barbados","2013","","0.0","","0"," 0"
"Barbados","2012","","0.0","","0"," 0"
"Barbados","2011","","","","0"," 0"
"Barbados","2010","","0.0","","0"," 0"
"Barbados","2009","","0.0","","0"," 0"
"Barbados","2008","","","",""," 0"
"Barbados","2007","","100","","8",""
"Belarus","2015","1 800 [1 700 - 1 800]","69.0","65","1 340","1 949"
"Belarus","2014","","97.0","84","1 282","1 903"
"Belarus","2013","","95.0","86","1 386","2 154"
"Belarus","2012","","90.0","84","1 604","2 478"
"Belarus","2011","","94.0","88","1 637","1 446"
"Belarus","2010","","90.0",">100","1 644"," 200"
"Belarus","2009","","96.0",">100","1 433",""
"Belarus","2008","","93.0",">100","923",""
"Belarus","2007","","94.0",">100","870",""
"Belarus","2006","","92.0",">100","651",""
"Belgium","2015","16 [6 - 26]","60.0","70","17"," 15"
"Belgium","2014","","95.0","73","12"," 10"
"Belgium","2013","","95.0","64","15"," 12"
"Belgium","2012","","95.0","68","25"," 20"
"Belgium","2011","","94.0","59","17"," 15"
"Belgium","2010","","97.0","69","24"," 19"
"Belgium","2009","",">100","70","12",""
"Belgium","2008","",">100","72","22",""
"Belgium","2007","",">100","71","14",""
"Belgium","2006","",">100","68","23",""
"Belgium","2005","","89.0","60","13",""
"Belize","2015","15 [14 - 16]","0.0","7.7","1"," 1"
"Belize","2014","","6.1","12","0"," 1"
"Belize","2013","","8.0",">100","3"," 1"
"Belize","2012","","0.0","0","0"," 0"
"Belize","2011","","","","0"," 0"
"Belize","2010","","","","0"," 0"
"Belize","2009","","1.2","0","1"," 1"
"Belize","2008","","","","1",""
"Belize","2007","","","","1",""
"Belize","2005","","0.0","20","0",""
"Benin","2015","61 [11 - 110]","7.6",">100","25"," 19"
"Benin","2014","","2.6","82","25"," 16"
"Benin","2013","","1.9","84","14"," 6"
"Benin","2012","","0.8","41","39"," 8"
"Benin","2011","","0.0","58","26"," 5"
"Benin","2010","","3.5","2.9","19"," 9"
"Benin","2009","","","35","19"," 7"
"Benin","2008","","0.0","60","4"," 3"
"Benin","2006","","2.5","25","21",""
"Benin","2005","","1.1","32","28",""
"Bhutan","2015","37 [24 - 51]","53.0","30","58"," 49"
"Bhutan","2014","","84.0","62","61"," 122"
"Bhutan","2013","","44.0","29","65"," 49"
"Bhutan","2012","","12.0","2.5","16"," 11"
"Bhutan","2011","","13.0","37","22"," 21"
"Bhutan","2010","","24.0","37","20"," 17"
"Bhutan","2009","","1.6","11","15"," 11"
"Bhutan","2008","","1.8","0","7"," 7"
"Bhutan","2005","","0.7","5.9","2",""
"Bolivia (Plurinational State of)","2015","240 [150 - 330]","5.6","93","79"," 41"
"Bolivia (Plurinational State of)","2014","","4.3","80","110"," 55"
"Bolivia (Plurinational State of)","2013","","6.1","49","96"," 47"
"Bolivia (Plurinational State of)","2012","","22.0","94","179"," 44"
"Bolivia (Plurinational State of)","2011","","1.7","94","83"," 41"
"Bolivia (Plurinational State of)","2010","","0.0","100","110"," 14"
"Bolivia (Plurinational State of)","2009","","","92","71"," 37"
"Bolivia (Plurinational State of)","2008","","","43","34"," 18"
"Bolivia (Plurinational State of)","2007","","0.0","","35",""
"Bolivia (Plurinational State of)","2006","","","","34",""
"Bolivia (Plurinational State of)","2005","","","","63",""
"Bosnia and Herzegovina","2015","6 [0 - 12]","66.0","54","3"," 1"
"Bosnia and Herzegovina","2014","","100","55","4"," 3"
"Bosnia and Herzegovina","2013","","100","61","1"," 1"
"Bosnia and Herzegovina","2012","","97.0","55","7"," 0"
"Bosnia and Herzegovina","2011","","99.0","63","7"," 3"
"Bosnia and Herzegovina","2010","","100","47","2"," 6"
"Bosnia and Herzegovina","2009","",">100","58","2"," 0"
"Bosnia and Herzegovina","2008","","100",">100","12",""
"Bosnia and Herzegovina","2007","",">100","85","8",""
"Bosnia and Herzegovina","2006","","100","82","7",""
"Bosnia and Herzegovina","2005","","100","68","21",""
"Botswana","2015","220 [160 - 280]","0.2","2.5","57"," 61"
"Botswana","2014","","0.5","6.4","41"," 73"
"Botswana","2013","","0.3","3.2","67"," 99"
"Botswana","2012","","13.0","13","71"," 58"
"Botswana","2011","","4.5","10","54"," 46"
"Botswana","2010","","11.0","27","122"," 114"
"Botswana","2009","","6.5","22","139"," 111"
"Botswana","2008","","14.0","27","126"," 79"
"Botswana","2007","","","","139",""
"Brazil","2015","1 900 [1 600 - 2 300]","26.0","35","1 197"," 619"
"Brazil","2014","","","","702"," 702"
"Brazil","2013","","1.6","1.7","706"," 717"
"Brazil","2012","","1.6","1.7","720"," 713"
"Brazil","2011","","<0.1","6.0","573"," 630"
"Brazil","2010","","<0.1","5.9","591"," 573"
"Brazil","2009","","","","449"," 398"
"Brazil","2008","","","","339"," 339"
"Brazil","2007","","0.8","7.6","992",""
"Brazil","2006","","","","399",""
"Brazil","2005","","","61","373",""
"Brunei Darussalam","2015","0 [0 - 0]","79.0","100","0"," 0"
"Brunei Darussalam","2014","","84.0","100","1"," 1"
"Brunei Darussalam","2013","",">100","100","1"," 0"
"Brunei Darussalam","2012","","100","100","0"," 0"
"Brunei Darussalam","2011","",">100","100","0"," 0"
"Brunei Darussalam","2010","","100","100","0"," 0"
"Brunei Darussalam","2009","","100","","1"," 0"
"Brunei Darussalam","2008","","","",""," 0"
"Brunei Darussalam","2007","",">100","17","0",""
"Bulgaria","2015","80 [60 - 99]","","","26",""
"Bulgaria","2014","","80.0","45","44"," 29"
"Bulgaria","2013","","73.0","43","37"," 19"
"Bulgaria","2012","","71.0","45","58"," 36"
"Bulgaria","2011","","62.0","41","65"," 42"
"Bulgaria","2010","","78.0","47","70"," 56"
"Bulgaria","2009","","62.0","33","64"," 43"
"Bulgaria","2008","","70.0","34","32",""
"Bulgaria","2007","","67.0","39","82",""
"Bulgaria","2006","","85.0","100","53",""
"Bulgaria","2005","","40.0",">100","47",""
"Burkina Faso","2015","220 [28 - 420]","1.6","38","54"," 36"
"Burkina Faso","2014","","0.2","48","53"," 34"
"Burkina Faso","2013","","0.1","39","59"," 41"
"Burkina Faso","2012","","0.2","19","44"," 26"
"Burkina Faso","2011","","<0.1","14","84"," 31"
"Burkina Faso","2010","","<0.1","21","31"," 25"
"Burkina Faso","2009","","<0.1","8.6","21"," 19"
"Burkina Faso","2008","","<0.1","0","16"," 16"
"Burkina Faso","2007","","<0.1","3.0","12",""
"Burkina Faso","2006","","0.0","0","6",""
"Burkina Faso","2005","","","39","3",""
"Burundi","2015","190 [100 - 270]","8.7","0","44"," 41"
"Burundi","2014","","6.8","21","48"," 49"
"Burundi","2013","","6.5","0","59"," 68"
"Burundi","2012","","<0.1","7.5","24"," 36"
"Burundi","2011","","0.0","1.9","6"," 30"
"Burundi","2010","","0.5","0.6","24"," 24"
"Burundi","2009","","0.0","0","0"," 32"
"Burundi","2008","","0.0","0","17"," 17"
"Burundi","2007","","0.0","0","26",""
"Côte d'Ivoire","2015","720 [360 - 1 100]","","","480"," 405"
"Côte d'Ivoire","2014","","","48","471"," 313"
"Côte d'Ivoire","2013","","2.1","74","379"," 61"
"Côte d'Ivoire","2012","","0.0","26","372"," 0"
"Côte d'Ivoire","2011","","<0.1","2.0","30"," 30"
"Côte d'Ivoire","2010","","0.0","4.7","50"," 0"
"Côte d'Ivoire","2009","","0.0","22","43"," 0"
"Côte d'Ivoire","2008","","0.0","3.7","24"," 10"
"Côte d'Ivoire","2005","","0.0","0","47",""
"Cabo Verde","2015","11 [1 - 21]","","","0"," 0"
"Cabo Verde","2014","","","","5"," 5"
"Cabo Verde","2013","","2.7","0","0"," 0"
"Cabo Verde","2012","","7.9","5.3","2"," 0"
"Cabo Verde","2011","","0.0","0","0"," 0"
"Cabo Verde","2010","","","","0"," 0"
"Cabo Verde","2009","","0.0","0","0"," 0"
"Cabo Verde","2008","","0.0","3.2","0"," 0"
"Cambodia","2015","570 [290 - 840]","0.8","80","77"," 75"
"Cambodia","2014","","5.3","67","110"," 110"
"Cambodia","2013","","2.4","74","121"," 121"
"Cambodia","2012","","0.1","22","156"," 110"
"Cambodia","2011","","<0.1","13","61"," 57"
"Cambodia","2010","","<0.1","5.7","32"," 38"
"Cambodia","2009","","","","2",""
"Cambodia","2008","","<0.1","6.3","31"," 30"
"Cambodia","2007","","0.0","3.6","16",""
"Cameroon","2015","890 [510 - 1 300]","<0.1","42","122"," 122"
"Cameroon","2014","","<0.1","55","126"," 91"
"Cameroon","2013","","<0.1","43","118"," 76"
"Cameroon","2012","","0.0","5.0","161"," 76"
"Cameroon","2011","","","","64"," 63"
"Cameroon","2010","","0.0","2.3","35"," 35"
"Cameroon","2009","","0.0","14","56"," 0"
"Canada","2015","16 [8 - 25]","76.0","78","19",""
"Canada","2014","",">100","89","21"," 21"
"Canada","2013","",">100","79","17"," 16"
"Canada","2012","",">100","69","9"," 8"
"Canada","2011","","","","21"," 18"
"Canada","2010","",">100","71","15"," 15"
"Canada","2009","",">100","74","20"," 18"
"Canada","2008","",">100","75","14"," 10"
"Canada","2007","",">100","77","10",""
"Canada","2006","",">100","85","16",""
"Canada","2005","",">100","","22",""
"Central African Republic","2015","140 [23 - 250]","<0.1","14","62"," 38"
"Central African Republic","2014","","1.8","0","40"," 21"
"Central African Republic","2013","","0.0","9.4","20"," 20"
"Central African Republic","2012","","","","28"," 6"
"Central African Republic","2011","","0.0","16","18"," 0"
"Central African Republic","2010","","0.3","0","9"," 0"
"Central African Republic","2009","","4.4","3.3","7"," 0"
"Central African Republic","2008","","5.3","5.6","12"," 0"
"Chad","2015","480 [67 - 890]","1.2","7.7","33"," 33"
"Chad","2014","","0.0","26","22"," 12"
"Chad","2013","","<0.1","","2"," 0"
"Chad","2012","","0.0","0","0"," 0"
"Chad","2011","","0.0","0","0"," 0"
"Chad","2010","","0.0","0","3"," 0"
"Chad","2009","","","",""," 0"
"Chad","2008","","","",""," 0"
"Chile","2015","42 [26 - 57]","58.0","62","30"," 26"
"Chile","2014","","76.0","70","23"," 10"
"Chile","2013","","13.0","75","25"," 14"
"Chile","2012","","8.4","74","24"," 8"
"Chile","2011","","4.8",">100","20"," 7"
"Chile","2010","","4.4",">100","26"," 9"
"Chile","2009","","3.7","72","27"," 11"
"Chile","2008","","<0.1","91","7"," 5"
"Chile","2007","","6.7",">100","7",""
"Chile","2006","","6.6","65","7",""
"Chile","2005","","3.2","72","6",""
"China","2015","57 000 [48 000 - 67 000]","8.2","0","9 662","5 691"
"China","2014","","19.0","54","5 807","2 846"
"China","2013","","11.0","32","4 183","2 184"
"China","2012","","4.3","13","3 891","1 906"
"China","2011","","2.6","","1 686","1 155"
"China","2010","","","","2 792","1 222"
"China","2009","","","","474"," 458"
"China","2007","","<0.1","0.2","79",""
"China","2006","","0.0","<0.1","2",""
"Colombia","2015","400 [300 - 510]","39.0","64","194"," 150"
"Colombia","2014","","48.0","44","187"," 173"
"Colombia","2013","","68.0","22","165"," 152"
"Colombia","2012","","32.0","44","138"," 76"
"Colombia","2011","","36.0","57","123"," 108"
"Colombia","2010","","17.0","57","143"," 152"
"Colombia","2009","","4.7","79","127"," 90"
"Colombia","2008","","9.7",">100","91"," 91"
"Colombia","2007","","2.5","79","111",""
"Colombia","2006","","3.1","32","39",""
"Comoros","2014","","0.0","0","0"," 0"
"Comoros","2013","","0.0","0","0"," 0"
"Comoros","2012","","","","0"," 0"
"Comoros","2011","","","","0"," 0"
"Comoros","2009","","0.0","0","0"," 0"
"Comoros","2008","","0.0","0","2"," 2"
"Congo","2015","300 [160 - 430]","",">100","41"," 13"
"Congo","2014","","",">100","24"," 0"
"Congo","2013","","2.2","0","15",""
"Congo","2009","","","",""," 0"
"Cook Islands","2015","0 [0 - 1]","100","","0"," 0"
"Cook Islands","2014","","0.0","","0"," 0"
"Cook Islands","2013","","100","","1"," 0"
"Cook Islands","2012","","","100","1"," 1"
"Cook Islands","2011","","0.0","","0"," 0"
"Cook Islands","2010","","","","0"," 0"
"Cook Islands","2009","","0.0","","0"," 0"
"Cook Islands","2008","","","",""," 0"
"Costa Rica","2015","8 [1 - 15]","0.0","5.6","0"," 0"
"Costa Rica","2014","","0.0","5.3","1"," 1"
"Costa Rica","2013","","3.0","0","4"," 1"
"Costa Rica","2012","","95.0","100","4"," 0"
"Costa Rica","2011","","9.6","62","1"," 0"
"Costa Rica","2010","","64.0","","3",""
"Costa Rica","2009","","","",""," 0"
"Costa Rica","2008","","0.0",">100","0"," 0"
"Costa Rica","2007","","","","1",""
"Costa Rica","2006","","","100","4",""
"Costa Rica","2005","","0.5","2.2","3",""
"Croatia","2015","0 [0 - 0]","","","0",""
"Croatia","2014","","79.0","81","2"," 3"
"Croatia","2013","","83.0","54","0",""
"Croatia","2012","","100","78","1",""
"Croatia","2011","","96.0","","10"," 2"
"Croatia","2010","","","","0",""
"Croatia","2009","",">100","66","14",""
"Croatia","2008","","","","4",""
"Croatia","2007","","0.9","2.0","7",""
"Croatia","2006","",">100","77","3",""
"Croatia","2005","",">100","65","9",""
"Cuba","2015","17 [5 - 29]","41.0","42","9"," 9"
"Cuba","2014","","66.0","86","10"," 10"
"Cuba","2013","","57.0","79","9"," 3"
"Cuba","2012","","61.0","85","13"," 8"
"Cuba","2011","","60.0",">100","19"," 10"
"Cuba","2010","","36.0","55","11"," 1"
"Cuba","2009","","38.0","37","8",""
"Cuba","2008","","41.0","55","10"," 10"
"Cuba","2007","","27.0","24","3",""
"Cuba","2006","","42.0","10","0",""
"Cuba","2005","","32.0","39","2",""
"Cyprus","2015","0 [0 - 6]","","","0",""
"Cyprus","2014","","55.0","33","0",""
"Cyprus","2013","","88.0","100","1",""
"Cyprus","2012","","93.0","33","0",""
"Cyprus","2011","","96.0","67","1",""
"Cyprus","2010","","65.0","","0"," 0"
"Cyprus","2009","","96.0","67","4",""
"Cyprus","2008","",">100","100","1",""
"Cyprus","2007","","100","100","3",""
"Cyprus","2006","",">100","0","0",""
"Cyprus","2005","","84.0","0","1",""
"Czech Republic","2015","13 [3 - 22]","73.0","64","10"," 10"
"Czech Republic","2014","","99.0","45","8"," 5"
"Czech Republic","2013","","90.0","33","0"," 0"
"Czech Republic","2012","","93.0","65","5"," 4"
"Czech Republic","2011","","96.0","53","13"," 7"
"Czech Republic","2010","","95.0","61","21"," 9"
"Czech Republic","2009","",">100","63","11",""
"Czech Republic","2008","",">100","61","11",""
"Czech Republic","2007","",">100","56","11",""
"Czech Republic","2006","",">100","47","9",""
"Czech Republic","2005","",">100","59","14",""
"Democratic People's Republic of Korea","2015","4 600 [2 600 - 6 500]","0.0","2.0","209"," 125"
"Democratic People's Republic of Korea","2014","","0.2","2.3","197"," 212"
"Democratic People's Republic of Korea","2013","","0.0","1.3","244"," 170"
"Democratic People's Republic of Korea","2012","","","0.2","25"," 50"
"Democratic People's Republic of Korea","2011","","","0.3","38"," 25"
"Democratic People's Republic of Korea","2009","","","",""," 0"
"Democratic People's Republic of Korea","2008","","","",""," 0"
"Democratic Republic of the Congo","2015","4 000 [2 300 - 5 700]","2.1","76","499"," 413"
"Democratic Republic of the Congo","2014","","0.7","75","442"," 436"
"Democratic Republic of the Congo","2013","","0.5","14","272"," 147"
"Democratic Republic of the Congo","2012","","<0.1","1.4","110"," 262"
"Democratic Republic of the Congo","2011","","<0.1","2.0","140"," 128"
"Democratic Republic of the Congo","2010","","","1.2","88"," 191"
"Democratic Republic of the Congo","2009","","","1.3","190"," 176"
"Democratic Republic of the Congo","2008","","<0.1","2.5","128"," 128"
"Democratic Republic of the Congo","2007","","<0.1","1.8","82",""
"Democratic Republic of the Congo","2006","","","1.2","1",""
"Denmark","2015","1 [0 - 4]","","","5",""
"Denmark","2014","","98.0","67","1",""
"Denmark","2013","","96.0","77","2",""
"Denmark","2012","","98.0","81","2"," 1"
"Denmark","2011","","100","64","3",""
"Denmark","2010","","98.0","80","2"," 2"
"Denmark","2009","",">100","76","2",""
"Denmark","2008","",">100","76","2",""
"Denmark","2007","",">100","58","2",""
"Denmark","2006","",">100","63","3",""
"Denmark","2005","",">100","62","5",""
"Djibouti","2015","100 [65 - 140]","5.5",">100","138"," 71"
"Djibouti","2014","","20.0","16","110"," 60"
"Djibouti","2013","",">100","","160"," 1"
"Djibouti","2012","","","","96"," 65"
"Djibouti","2011","","","","0",""
"Djibouti","2010","","","",""," 7"
"Djibouti","2009","","","",""," 0"
"Djibouti","2005","","0.0","0","39",""
"Dominica","2015","0 [0 - 7]","29.0","","0"," 0"
"Dominica","2014","","","","0"," 0"
"Dominica","2013","","100","","1"," 1"
"Dominica","2012","","80.0","100","0"," 1"
"Dominica","2011","","50.0","100","0"," 0"
"Dominica","2010","","12.0","","0"," 0"
"Dominica","2009","","","",""," 0"
"Dominica","2008","","","",""," 0"
"Dominican Republic","2015","170 [110 - 240]","7.2","47","104"," 114"
"Dominican Republic","2014","","9.1","31","93"," 127"
"Dominican Republic","2013","","2.2","33","105"," 126"
"Dominican Republic","2012","","3.1","35","98"," 109"
"Dominican Republic","2011","","0.4","15","117"," 107"
"Dominican Republic","2010","","1.4","20","111"," 114"
"Dominican Republic","2009","","0.0","0","0"," 93"
"Dominican Republic","2008","","","","12"," 71"
"Dominican Republic","2006","","","","24",""
"Ecuador","2015","370 [300 - 450]","20.0","100","635"," 135"
"Ecuador","2014","","28.0",">100","451"," 179"
"Ecuador","2013","","1.5","23","117"," 95"
"Ecuador","2012","","13.0",">100","249"," 196"
"Ecuador","2011","","36.0",">100","382"," 283"
"Ecuador","2010","","10.0","88","195"," 228"
"Ecuador","2009","","","","156"," 452"
"Ecuador","2008","","3.1","70","155"," 210"
"Ecuador","2007","","4.0","69","275",""
"Ecuador","2005","","3.2","63","253",""
"Egypt","2015","790 [670 - 900]","13.0","60","210"," 107"
"Egypt","2014","","1.2","60","86"," 72"
"Egypt","2013","","0.8","80","119"," 57"
"Egypt","2012","","0.6","72","136"," 52"
"Egypt","2011","","0.7","74","191"," 71"
"Egypt","2010","","","",""," 48"
"Egypt","2009","","1.0",">100","253"," 73"
"Egypt","2008","","0.8","100","96"," 71"
"Egypt","2007","","5.9","86","277",""
"Egypt","2006","","0.9","21","119",""
"El Salvador","2015","30 [10 - 50]","49.0","47","25"," 22"
"El Salvador","2014","","54.0","82","15"," 15"
"El Salvador","2013","","14.0","22","14"," 4"
"El Salvador","2012","","20.0","74","10"," 10"
"El Salvador","2011","","22.0","83","6"," 4"
"El Salvador","2010","","0.0","2.2","2"," 2"
"El Salvador","2009","","7.0","75","4"," 2"
"El Salvador","2008","","1.1","95","6"," 5"
"El Salvador","2007","","49.0","94","1",""
"El Salvador","2006","","0.0","","2",""
"El Salvador","2005","","1.1","12","14",""
"Equatorial Guinea","2015","55 [8 - 100]","11.0","32","39"," 26"
"Equatorial Guinea","2014","","0.3","5.5","7"," 4"
"Equatorial Guinea","2011","","","","6"," 2"
"Equatorial Guinea","2010","","0.0","0","0"," 0"
"Equatorial Guinea","2009","","","",""," 0"
"Equatorial Guinea","2008","","0.2","0","5"," 1"
"Eritrea","2015","63 [9 - 120]","","84","32"," 32"
"Eritrea","2014","","","","22"," 24"
"Eritrea","2013","","0.0","9.2","17"," 35"
"Eritrea","2012","","","","0"," 23"
"Eritrea","2011","","","","11"," 42"
"Estonia","2015","47 [36 - 59]","84.0","87","43"," 34"
"Estonia","2014","",">100","71","50"," 48"
"Estonia","2013","",">100","72","54"," 40"
"Estonia","2012","","100","82","67"," 54"
"Estonia","2011","","100","69","79"," 75"
"Estonia","2010","","98.0","79","67"," 63"
"Estonia","2009","","100","74","87"," 86"
"Estonia","2008","",">100","83","74",""
"Estonia","2007","",">100","83","81",""
"Estonia","2006","",">100","83","52",""
"Estonia","2005","",">100","76","79",""
"Ethiopia","2015","3 300 [2 100 - 4 600]","8.8","75","597"," 597"
"Ethiopia","2014","","6.0","","503"," 557"
"Ethiopia","2013","","0.5","","558"," 413"
"Ethiopia","2012","","1.0","4.4","294"," 289"
"Ethiopia","2011","","0.2","3.0","216"," 199"
"Ethiopia","2010","","<0.1","10","142"," 120"
"Ethiopia","2009","","<0.1","8.4","241"," 88"
"Ethiopia","2008","","","","130",""
"Ethiopia","2007","","<0.1","10","145",""
"Fiji","2015","0 [0 - 0]","5.5","88","0"," 0"
"Fiji","2014","","11.0","7.5","1"," 0"
"Fiji","2013","","14.0","17","0"," 0"
"Fiji","2012","","9.1","7.7","0"," 0"
"Fiji","2011","","17.0","0","0"," 0"
"Fiji","2010","","4.5","33","0"," 0"
"Fiji","2009","","0.0","100","0"," 0"
"Fiji","2007","","3.5","0","0",""
"Fiji","2006","","59.0","100","0",""
"Finland","2015","10 [3 - 17]","84.0","","8"," 8"
"Finland","2014","",">100","38","8"," 9"
"Finland","2013","",">100","38","2"," 2"
"Finland","2012","","99.0","78","3"," 3"
"Finland","2011","","97.0","67","5",""
"Finland","2010","","98.0","67","7"," 6"
"Finland","2009","",">100","46","4",""
"Finland","2008","",">100","47","1",""
"Finland","2007","",">100","57","2",""
"Finland","2006","",">100","79","2",""
"Finland","2005","","85.0","100","4",""
"France","2015","63 [47 - 79]","0.9","10","96"," 96"
"France","2014","",">100",">100","111"," 111"
"France","2013","",">100",">100","83"," 83"
"France","2012","","","","40"," 39"
"France","2011","","72.0","42","43"," 40"
"France","2010","","68.0","29","28",""
"France","2009","",">100","30","34"," 30"
"France","2008","",">100","27","27",""
"France","2007","","43.0","26","20",""
"France","2006","","49.0","32","30",""
"France","2005","","47.0","30","26",""
"Gabon","2015","280 [170 - 380]","1.5","4.2","15"," 4"
"Gabon","2014","","2.7","0.2","59"," 0"
"Gabon","2013","","","","8"," 0"
"Gabon","2012","","","","0"," 0"
"Gabon","2010","","","","0"," 0"
"Gambia","2015","82 [0 - 170]","0.0","77","24"," 0"
"Gambia","2014","","0.0","86","15"," 9"
"Gambia","2013","","0.0","71","0"," 0"
"Gambia","2012","","0.0","0","0"," 0"
"Gambia","2011","","","","0"," 0"
"Gambia","2010","","","","0"," 0"
"Gambia","2009","","0.0","0","0"," 0"
"Gambia","2008","","0.0","100","0"," 0"
"Gambia","2007","","0.0","83","0",""
"Gambia","2006","","<0.1","28","1",""
"Georgia","2015","550 [510 - 600]","65.0","64","418"," 466"
"Georgia","2014","","95.0","61","441"," 501"
"Georgia","2013","","96.0","45","406"," 526"
"Georgia","2012","","84.0","45","361"," 665"
"Georgia","2011","","83.0","52","507"," 737"
"Georgia","2010","","80.0","40","369"," 618"
"Georgia","2009","","76.0",">100","384"," 266"
"Georgia","2008","","77.0","43","481",""
"Georgia","2007","","69.0","30","269",""
"Georgia","2006","","71.0","30","266",""
"Georgia","2005","","53.0","24","195",""
"Germany","2015","170 [89 - 240]","","","41",""
"Germany","2014","","10.0","42","90",""
"Germany","2013","","25.0","45","112"," 98"
"Germany","2012","","93.0","51","70"," 63"
"Germany","2011","","92.0","49","62"," 52"
"Germany","2010","","92.0","52","60"," 48"
"Germany","2009","",">100","54","70",""
"Germany","2008","",">100","50","45",""
"Germany","2007","",">100","46","66",""
"Germany","2006","",">100","59","78",""
"Germany","2005","","98.0","51","118",""
"Ghana","2015","430 [0 - 930]","5.5","79","72"," 60"
"Ghana","2014","","4.3",">100","93"," 14"
"Ghana","2013","","0.0","70","65"," 26"
"Ghana","2012","","0.0","5.3","20"," 2"
"Ghana","2011","","0.0","6.9","9"," 2"
"Ghana","2010","","","2.1","6"," 3"
"Ghana","2009","","","",""," 0"
"Ghana","2008","","0.0","13","2"," 0"
"Ghana","2007","","0.0","","7",""
"Ghana","2005","","0.6","0.4","1",""
"Greece","2015","10 [0 - 23]","","","8",""
"Greece","2014","","34.0","34","4",""
"Greece","2013","","50.0","37","19"," 18"
"Greece","2012","","0.0","0","0",""
"Greece","2011","","44.0","31","6",""
"Greece","2010","","26.0","25","2"," 2"
"Greece","2009","","46.0","30","13",""
"Greece","2007","",">100","2.9","14",""
"Greece","2006","",">100","0","13",""
"Greece","2005","",">100","0","12",""
"Grenada","2015","0 [0 - 0]","20.0","","0"," 0"
"Grenada","2014","","","","0"," 0"
"Grenada","2013","","","","0",""
"Grenada","2012","","","","0"," 0"
"Grenada","2011","","","","0"," 0"
"Grenada","2010","","","","0",""
"Grenada","2009","","","",""," 0"
"Guatemala","2015","180 [130 - 230]","14.0","52","27"," 40"
"Guatemala","2014","","17.0","69","62"," 42"
"Guatemala","2013","","0.2","54","51"," 28"
"Guatemala","2012","","1.4","37","79"," 39"
"Guatemala","2011","","0.0","17","27"," 27"
"Guatemala","2010","","","9.9","18"," 15"
"Guatemala","2009","","8.0",">100","414"," 28"
"Guatemala","2008","","3.5","18","27"," 13"
"Guatemala","2007","","0.0","0","23",""
"Guatemala","2005","","0.8","25","40",""
"Guinea","2015","370 [0 - 740]","1.0","36","192"," 34"
"Guinea","2014","","1.8","38","105"," 124"
"Guinea","2013","","0.1","12","167"," 48"
"Guinea","2012","","","","69"," 15"
"Guinea","2011","","0.1","3.9","78"," 10"
"Guinea","2010","","<0.1","4.0","31"," 31"
"Guinea","2009","","<0.1","11","70"," 54"
"Guinea","2008","","0.0","0","72"," 28"
"Guinea","2007","","0.1","5.2","37",""
"Guinea","2006","","1.6","5.7","25",""
"Guinea","2005","","3.9","7.4","20",""
"Guinea-Bissau","2015","65 [0 - 140]","9.6","16","17"," 15"
"Guinea-Bissau","2014","","5.4",">100","25"," 17"
"Guinea-Bissau","2013","","6.3","67","15"," 15"
"Guinea-Bissau","2012","","","","18"," 9"
"Guinea-Bissau","2011","","","","2"," 2"
"Guinea-Bissau","2009","","","",""," 0"
"Guinea-Bissau","2008","","","",""," 0"
"Guyana","2015","33 [22 - 43]","5.3","27","6"," 6"
"Guyana","2014","","2.1","27","4"," 4"
"Guyana","2013","","1.0","3.0","3"," 1"
"Guyana","2012","","1.0","0.4","2"," 9"
"Guyana","2011","","0.6","24","7"," 1"
"Guyana","2010","","0.0","0","14",""
"Guyana","2009","","0.0","","0",""
"Guyana","2008","","7.3","9.4","0"," 0"
"Guyana","2007","","0.0","10","8",""
"Haiti","2015","540 [320 - 760]","6.7","8.7","102"," 90"
"Haiti","2014","","","7.9","91"," 91"
"Haiti","2013","","","21","101"," 81"
"Haiti","2012","","","14","81"," 62"
"Haiti","2011","","","","86"," 64"
"Haiti","2010","","<0.1","10","41"," 46"
"Haiti","2008","","0.0","12","43"," 43"
"Haiti","2007","","0.0","0","39",""
"Haiti","2005","","0.7","","",""
"Honduras","2015","94 [52 - 140]","19.0","74","16"," 12"
"Honduras","2014","","6.5","43","12"," 12"
"Honduras","2013","","6.9","68","6"," 4"
"Honduras","2012","","2.1","42","6"," 6"
"Honduras","2011","","1.5","34","11"," 5"
"Honduras","2010","","3.1","32","11"," 14"
"Honduras","2009","","1.4","19","4"," 5"
"Honduras","2008","","0.0","61","10"," 10"
"Honduras","2007","","0.0","41","4",""
"Honduras","2005","","0.1","0","3",""
"Hungary","2015","30 [17 - 43]","","","9",""
"Hungary","2014","",">100","35","11"," 9"
"Hungary","2013","","95.0","77","11"," 10"
"Hungary","2012","","80.0","37","14"," 12"
"Hungary","2011","","73.0","31","34",""
"Hungary","2010","","87.0","32","21"," 19"
"Hungary","2009","","62.0","24","20",""
"Hungary","2008","","84.0","36","16",""
"Hungary","2007","","70.0","26","11",""
"Hungary","2006","","68.0","24","14",""
"Hungary","2005","","62.0","25","26",""
"Iceland","2015","0 [0 - 4]","","","0",""
"Iceland","2014","",">100","100","0"," 0"
"Iceland","2013","","100","","0",""
"Iceland","2012","","100","100","1"," 1"
"Iceland","2011","","80.0","0","0"," 0"
"Iceland","2010","","95.0","","0"," 0"
"Iceland","2009","",">100","100","0",""
"Iceland","2008","",">100","","1",""
"Iceland","2007","",">100","50","1",""
"Iceland","2006","",">100","","0",""
"Iceland","2005","",">100","100","0",""
"India","2015","79 000 [72 000 - 87 000]","5.8","60","28 876","26 966"
"India","2014","","1.7","69","25 748","24 073"
"India","2013","","","","23 162","21 093"
"India","2012","","","","17 253","14 117"
"India","2011","","","","4 297","3 378"
"India","2010","","","","3 288","2 182"
"India","2009","","","1.2","1 699","1 136"
"India","2008","","0.0","0.5","308"," 190"
"India","2007","","0.0","0.2","146",""
"India","2006","","","","33",""
"India","2005","","","","34",""
"Indonesia","2015","10 000 [8 000 - 12 000]","0.5","80","2 135","1 519"
"Indonesia","2014","","0.6","88","1 812","1 284"
"Indonesia","2013","","<0.1","39","912"," 809"
"Indonesia","2012","","<0.1","13","649"," 426"
"Indonesia","2011","","<0.1","9.0","408"," 260"
"Indonesia","2010","","0.0","4.9","190"," 142"
"Indonesia","2009","","","",""," 20"
"Indonesia","2008","","","","446",""
"Indonesia","2006","","","","59",""
"Iran (Islamic Republic of)","2015","170 [100 - 230]","9.1","56","58"," 55"
"Iran (Islamic Republic of)","2014","","20.0","35","48"," 53"
"Iran (Islamic Republic of)","2013","","9.5","35","68"," 59"
"Iran (Islamic Republic of)","2012","","6.8","27","84"," 62"
"Iran (Islamic Republic of)","2011","","13.0","36","126"," 38"
"Iran (Islamic Republic of)","2010","","4.7","22","115"," 73"
"Iran (Islamic Republic of)","2009","","","",""," 38"
"Iran (Islamic Republic of)","2008","","4.3","21","19"," 19"
"Iran (Islamic Republic of)","2007","","8.2","32","43",""
"Iran (Islamic Republic of)","2006","","9.0","19","28",""
"Iran (Islamic Republic of)","2005","","4.5","9.6","27",""
"Iraq","2015","400 [310 - 490]","1.5","25","93"," 73"
"Iraq","2014","","38.0","37","196"," 58"
"Iraq","2013","",">100","61","167"," 84"
"Iraq","2012","","11.0","97","72"," 66"
"Iraq","2011","","","29","88"," 50"
"Iraq","2010","","0.0","24","145"," 50"
"Iraq","2009","","0.0","22","105"," 72"
"Iraq","2008","","0.0","25","63"," 63"
"Iraq","2007","","0.0","6.1","9",""
"Iraq","2006","","","","20",""
"Ireland","2015","2 [0 - 6]","45.0","71","1"," 1"
"Ireland","2014","",">100","68","2"," 2"
"Ireland","2013","","93.0","50","5"," 4"
"Ireland","2012","","97.0","68","5"," 5"
"Ireland","2011","","92.0","54","3"," 3"
"Ireland","2010","","96.0","73","4"," 2"
"Ireland","2009","",">100","58","1",""
"Ireland","2008","","93.0","20","3",""
"Ireland","2007","","60.0","29","5",""
"Ireland","2006","","66.0","29","3",""
"Ireland","2005","",">100","25","3",""
"Israel","2015","20 [10 - 29]","69.0","78","15"," 14"
"Israel","2014","",">100","67","17"," 17"
"Israel","2013","",">100","50","8"," 8"
"Israel","2012","","98.0","55","17"," 17"
"Israel","2011","","99.0","90","12"," 11"
"Israel","2010","",">100","50","18"," 12"
"Israel","2009","",">100","89","6"," 7"
"Israel","2008","",">100","75","13",""
"Israel","2007","",">100","75","14",""
"Israel","2006","",">100","20","19",""
"Israel","2005","",">100","86","16",""
"Italy","2015","110 [76 - 150]","30.0","45","81",""
"Italy","2014","","","","93",""
"Italy","2013","","70.0",">100","97",""
"Italy","2012","","67.0",">100","99",""
"Italy","2011","","92.0",">100","81",""
"Italy","2010","","64.0",">100","116",""
"Italy","2009","","91.0",">100","101"," 0"
"Italy","2008","",">100","57","71",""
"Italy","2007","","48.0","4.5","56",""
"Italy","2006","","45.0","","28",""
"Italy","2005","","27.0","27","26",""
"Jamaica","2015","2 [0 - 5]","38.0","25","0"," 0"
"Jamaica","2014","","100","100","0"," 0"
"Jamaica","2013","","100","0","1"," 0"
"Jamaica","2012","","76.0","17","0"," 0"
"Jamaica","2011","","64.0","25","1"," 1"
"Jamaica","2010","","31.0","26","1"," 1"
"Jamaica","2009","","87.0","","1"," 0"
"Jamaica","2008","","100","0","0"," 0"
"Jamaica","2007","","0.0","","0",""
"Jamaica","2006","","33.0","20","0",""
"Jamaica","2005","","19.0","40","0",""
"Japan","2015","230 [170 - 290]","46.0","41","78",""
"Japan","2014","","65.0","41","81"," 56"
"Japan","2013","","57.0","34","64",""
"Japan","2012","","66.0","44","79"," 60"
"Japan","2011","","51.0","40","86"," 60"
"Japan","2010","","54.0","39","95",""
"Japan","2009","","","",""," 0"
"Japan","2007","","30.0","26","58",""
"Jordan","2015","21 [7 - 36]","14.0","19","5"," 4"
"Jordan","2014","","62.0","15","9"," 9"
"Jordan","2013","",">100","0","14"," 14"
"Jordan","2012","","93.0","32","15"," 16"
"Jordan","2011","","30.0","33","4"," 4"
"Jordan","2010","","63.0","39","10"," 10"
"Jordan","2009","","87.0","35","8"," 9"
"Jordan","2008","","56.0",">100","6"," 6"
"Jordan","2007","","45.0",">100","5",""
"Jordan","2006","","64.0",">100","14",""
"Jordan","2005","","97.0",">100","19",""
"Kazakhstan","2015","4 000 [3 900 - 4 100]","65.0","95","6 497","6 948"
"Kazakhstan","2014","",">100",">100","5 877","7 315"
"Kazakhstan","2013","","96.0","99","6 411","6 776"
"Kazakhstan","2012","",">100",">100","8 123","7 213"
"Kazakhstan","2011","","83.0","80","7 467","5 261"
"Kazakhstan","2010","",">100","51","7 692","5 705"
"Kazakhstan","2009","","64.0","47","3 926","3 209"
"Kazakhstan","2008","","28.0","48","3 676",""
"Kazakhstan","2007","",">100","53","5 568",""
"Kazakhstan","2006","",">100","53","4 117",""
"Kenya","2015","1 400 [980 - 1 700]","7.7","29","368"," 368"
"Kenya","2014","","50.0","85","644"," 544"
"Kenya","2013","","0.4","22","160"," 290"
"Kenya","2012","","0.3","13","260"," 202"
"Kenya","2011","","0.3","12","392"," 156"
"Kenya","2010","","","6.7","249"," 118"
"Kenya","2009","","0.0","18","184"," 140"
"Kenya","2008","","0.0","48","102"," 28"
"Kenya","2007","","0.0","42","82",""
"Kenya","2006","","0.0","10","89",""
"Kenya","2005","","0.0","20","44",""
"Kiribati","2015","29 [20 - 38]","0.0","0","0"," 0"
"Kiribati","2014","","0.0","79","0"," 0"
"Kiribati","2013","","0.0","0","0"," 0"
"Kiribati","2012","","0.0","0","0"," 0"
"Kiribati","2011","","","","0"," 0"
"Kiribati","2010","","0.0","0","0"," 0"
"Kiribati","2009","","","",""," 0"
"Kiribati","2008","","","",""," 0"
"Kiribati","2005","","0.8","","1",""
"Kuwait","2015","9 [4 - 18]","97.0","","10"," 10"
"Kuwait","2014","",">100","100","9"," 9"
"Kuwait","2013","",">100","","5"," 5"
"Kuwait","2012","","0.0","","4"," 4"
"Kuwait","2011","","100","","0"," 0"
"Kuwait","2010","","100","0","6"," 5"
"Kuwait","2009","","100","100","9"," 9"
"Kuwait","2008","",">100","100","8"," 8"
"Kuwait","2007","",">100","100","8",""
"Kuwait","2006","",">100","","10",""
"Kuwait","2005","",">100","100","6",""
"Kyrgyzstan","2015","2 400 [2 200 - 2 600]","33.0","50","1 116","1 158"
"Kyrgyzstan","2014","","","","1 267","1 157"
"Kyrgyzstan","2013","",">100","74","1 191","1 064"
"Kyrgyzstan","2012","","99.0","78","1 755"," 775"
"Kyrgyzstan","2011","","","","928"," 492"
"Kyrgyzstan","2010","","14.0","27","575"," 566"
"Kyrgyzstan","2009","","42.0","35","826"," 545"
"Kyrgyzstan","2008","","9.1","43","269",""
"Kyrgyzstan","2007","","59.0","19","322",""
"Kyrgyzstan","2006","","52.0","17","336",""
"Kyrgyzstan","2005","","20.0","18","989",""
"Lao People's Democratic Republic","2015","280 [190 - 360]","36.0","40","33"," 33"
"Lao People's Democratic Republic","2014","","22.0","24","24"," 25"
"Lao People's Democratic Republic","2013","","2.9","52","7"," 4"
"Lao People's Democratic Republic","2012","","0.5","23","13"," 9"
"Lao People's Democratic Republic","2011","","","","4"," 2"
"Lao People's Democratic Republic","2010","","","","2"," 2"
"Lao People's Democratic Republic","2008","","","",""," 0"
"Latvia","2015","75 [58 - 92]","77.0","89","63"," 63"
"Latvia","2014","","99.0","86","71"," 70"
"Latvia","2013","","100","85","82"," 79"
"Latvia","2012","","97.0","88","114"," 110"
"Latvia","2011","","96.0","85","109"," 103"
"Latvia","2010","","96.0","94","88"," 87"
"Latvia","2009","",">100","91","133"," 124"
"Latvia","2008","",">100","95","129",""
"Latvia","2007","",">100","94","98",""
"Latvia","2006","",">100","93","143",""
"Latvia","2005","",">100","89","160",""
"Lebanon","2015","18 [6 - 30]","35.0","56","2"," 3"
"Lebanon","2014","","98.0",">100","10"," 5"
"Lebanon","2013","","9.3","88","10"," 8"
"Lebanon","2012","","4.2","67","7"," 6"
"Lebanon","2011","","9.6","100","3"," 2"
"Lebanon","2010","","2.1",">100","7"," 7"
"Lebanon","2009","","7.8","100","5"," 6"
"Lebanon","2008","","4.3","100","3"," 2"
"Lebanon","2007","","5.6",">100","2",""
"Lebanon","2006","","5.4",">100","4",""
"Lebanon","2005","","37.0","100","3",""
"Lesotho","2015","430 [350 - 510]","21.0","57","332"," 217"
"Lesotho","2014","","18.0","5.1","148"," 152"
"Lesotho","2013","","2.5","4.9","145"," 163"
"Lesotho","2012","","0.5","4.7","100"," 189"
"Lesotho","2011","","","","82"," 148"
"Lesotho","2010","","","","117"," 117"
"Lesotho","2009","","","",""," 429"
"Liberia","2015","140 [0 - 320]","0.3","0","0"," 15"
"Liberia","2014","","","","0"," 0"
"Liberia","2013","","3.5","25","37"," 14"
"Liberia","2012","","","","6"," 0"
"Liberia","2010","","0.0","0","0"," 12"
"Liberia","2009","","","",""," 5"
"Liberia","2008","","","",""," 0"
"Libya","2015","33 [26 - 39]","","",""," 0"
"Libya","2014","","","",""," 0"
"Libya","2011","","","","2"," 2"
"Libya","2009","","","",""," 3"
"Libya","2008","","0.5","","7",""
"Libya","2007","","<0.1","","1",""
"Libya","2005","","0.5","","8",""
"Lithuania","2015","270 [240 - 300]","76.0","100","248"," 248"
"Lithuania","2014","",">100","100","279"," 271"
"Lithuania","2013","",">100","100","273"," 256"
"Lithuania","2012","","100","100","285"," 271"
"Lithuania","2011","","100","100","592"," 296"
"Lithuania","2010","","100","100","315"," 310"
"Lithuania","2009","",">100","100","330"," 322"
"Lithuania","2008","",">100","100","276",""
"Lithuania","2007","",">100","100","314",""
"Lithuania","2006","",">100","96","332",""
"Lithuania","2005","",">100","96","342",""
"Luxembourg","2015","0 [0 - 0]","87.0","","0"," 0"
"Luxembourg","2014","",">100","","2"," 2"
"Luxembourg","2013","",">100","","0"," 0"
"Luxembourg","2012","","","100","0"," 0"
"Luxembourg","2011","","","100","3"," 1"
"Luxembourg","2010","","100","","0"," 0"
"Luxembourg","2009","","","","0",""
"Luxembourg","2007","",">100","","32",""
"Luxembourg","2006","",">100","","0",""
"Luxembourg","2005","",">100","","0",""
"Madagascar","2015","230 [17 - 440]","","","41"," 7"
"Madagascar","2014","","0.0","21","27"," 11"
"Madagascar","2013","","0.8","11","26"," 12"
"Madagascar","2012","","<0.1","3.2","12"," 5"
"Madagascar","2011","","<0.1","2.9","10"," 0"
"Madagascar","2010","","0.4","1.1","3"," 0"
"Madagascar","2009","","0.3","1.1","8"," 0"
"Madagascar","2008","","","7.3","6"," 0"
"Madagascar","2007","","0.7","1.6","5",""
"Madagascar","2006","","0.3","2.0","6",""
"Malawi","2015","200 [100 - 310]","<0.1","1.4","93"," 65"
"Malawi","2014","","0.7","31","106"," 64"
"Malawi","2013","","1.5","20","91"," 21"
"Malawi","2012","","0.0","3.3","36"," 26"
"Malawi","2011","","1.5","26","34"," 16"
"Malawi","2010","","10.0","20","88"," 39"
"Malawi","2009","","0.0","1.4","6"," 6"
"Malawi","2008","","0.0","34","16"," 10"
"Malawi","2007","","0.0","31","12",""
"Malawi","2006","","","29","8",""
"Malawi","2005","","","29","9",""
"Malaysia","2015","350 [270 - 430]","44.0","54","223"," 85"
"Malaysia","2014","","37.0","16","319"," 60"
"Malaysia","2013","","23.0","11","277"," 49"
"Malaysia","2012","","","","174"," 74"
"Malaysia","2011","","","","226"," 141"
"Malaysia","2010","","","","115"," 64"
"Malaysia","2009","","","","108"," 0"
"Malaysia","2008","","","","56"," 56"
"Malaysia","2007","","","","41",""
"Malaysia","2006","","","","42",""
"Malaysia","2005","",">100",">100","1",""
"Maldives","2015","3 [2 - 3]","24.0","100","1"," 0"
"Maldives","2014","","5.9",">100","0"," 0"
"Maldives","2013","","6.2","100","0"," 0"
"Maldives","2012","","0.0","0","0"," 0"
"Maldives","2011","","0.0","0","0"," 4"
"Maldives","2010","","0.0","0","0"," 0"
"Maldives","2009","","","",""," 0"
"Maldives","2008","","","","3"," 3"
"Maldives","2007","","3.4","0","1",""
"Maldives","2006","","1.9","80","5",""
"Mali","2015","380 [96 - 670]","1.9","22","30"," 30"
"Mali","2014","","7.7","3.6","40"," 33"
"Mali","2013","","0.0","2.0","12"," 18"
"Mali","2012","","0.6","13","12"," 40"
"Mali","2011","","","","10"," 32"
"Mali","2010","","0.0","3.4","12"," 18"
"Mali","2009","","0.3","3.3","24"," 0"
"Mali","2008","","0.0","3.9","7"," 7"
"Mali","2007","","","1.4","11",""
"Mali","2005","","0.0","0","2",""
"Malta","2015","0 [0 - 5]","72.0","","1"," 1"
"Malta","2014","",">100","100","0"," 0"
"Malta","2013","","87.0","","2"," 0"
"Malta","2012","","81.0","100","0"," 0"
"Malta","2011","","89.0","0","0"," 0"
"Malta","2010","","100","67","1"," 1"
"Malta","2009","",">100","0","0",""
"Malta","2008","",">100","43","1",""
"Malta","2007","",">100","0","1",""
"Malta","2006","",">100","","2",""
"Malta","2005","",">100","","0",""
"Marshall Islands","2015","0 [0 - 0]","20.0","27","1"," 1"
"Marshall Islands","2014","",">100","41","0"," 0"
"Marshall Islands","2013","",">100","43","1"," 1"
"Marshall Islands","2012","",">100","0","3"," 4"
"Marshall Islands","2011","","100","20","1"," 2"
"Marshall Islands","2010","","96.0","30","1"," 1"
"Marshall Islands","2009","","69.0","50","1"," 1"
"Marshall Islands","2007","","88.0","91","1",""
"Marshall Islands","2006","","84.0","17","2",""
"Marshall Islands","2005","",">100","60","2",""
"Mauritania","2015","69 [0 - 140]","12.0","33","24"," 13"
"Mauritania","2014","","0.6","","8"," 11"
"Mauritania","2012","","<0.1","","1"," 1"
"Mauritania","2011","","0.3","3.9","8"," 4"
"Mauritania","2010","","","","35"," 35"
"Mauritania","2009","","","",""," 0"
"Mauritania","2008","","","3.1","6",""
"Mauritania","2007","","0.0","","14",""
"Mauritania","2006","","4.1","4.5","7",""
"Mauritania","2005","","12.0","15","11",""
"Mauritius","2015","2 [0 - 5]","94.0","100","2"," 2"
"Mauritius","2014","","100","100","1"," 1"
"Mauritius","2013","","100","100","1"," 0"
"Mauritius","2012","","100","100","0"," 0"
"Mauritius","2011","","100","100","1"," 1"
"Mauritius","2010","","100","100","2"," 2"
"Mauritius","2009","","100","100","2"," 1"
"Mauritius","2008","","100","100","1"," 1"
"Mauritius","2007","","100","100","0",""
"Mauritius","2006","","100","100","2",""
"Mauritius","2005","",">100","60","0",""
"Mexico","2015","610 [540 - 670]","2.3","35","158"," 146"
"Mexico","2014","","0.3","73","201"," 206"
"Mexico","2013","","0.3","12","163"," 162"
"Mexico","2012","","0.1","9.3","128"," 115"
"Mexico","2011","","<0.1","12","151"," 140"
"Mexico","2010","","0.2","40","160"," 224"
"Mexico","2009","","<0.1","0.7","11"," 18"
"Mexico","2008","","0.0","28","121"," 36"
"Mexico","2007","","","","77",""
"Mexico","2006","","4.0","11","123",""
"Mexico","2005","","2.1","3.7","394",""
"Micronesia (Federated States of)","2015","6 [4 - 8]","1.0",">100","1"," 1"
"Micronesia (Federated States of)","2014","",">100","0","1"," 0"
"Micronesia (Federated States of)","2012","","8.6","0","4"," 13"
"Micronesia (Federated States of)","2011","","98.0","0","1"," 3"
"Micronesia (Federated States of)","2010","","70.0","23","1"," 3"
"Micronesia (Federated States of)","2009","","79.0","22","4"," 3"
"Micronesia (Federated States of)","2008","",">100","60","4"," 1"
"Micronesia (Federated States of)","2007","","","","1",""
"Micronesia (Federated States of)","2006","","39.0","17","4",""
"Micronesia (Federated States of)","2005","",">100","100","1",""
"Monaco","2015","0 [0 - 0]","","","0",""
"Monaco","2014","","","","0"," 0"
"Mongolia","2015","240 [210 - 280]","23.0","56","243"," 273"
"Mongolia","2014","","58.0",">100","318"," 294"
"Mongolia","2013","","58.0",">100","267"," 192"
"Mongolia","2012","","11.0",">100","218"," 171"
"Mongolia","2011","","9.1",">100","193"," 126"
"Mongolia","2010","","2.2","95","191"," 156"
"Mongolia","2009","","6.7","89","171"," 88"
"Mongolia","2008","","4.1","61","115"," 44"
"Mongolia","2007","","0.5","30","123",""
"Mongolia","2006","","2.3","57","98",""
"Mongolia","2005","","0.0","4.7","0",""
"Montenegro","2015","1 [0 - 4]","71.0","80","1"," 1"
"Montenegro","2014","","100","50","2"," 2"
"Montenegro","2013","","100","56","0"," 0"
"Montenegro","2012","","98.0","38","1"," 0"
"Montenegro","2011","","100",">100","2"," 1"
"Montenegro","2010","","100","100","0"," 0"
"Montenegro","2009","",">100","82","2"," 1"
"Montenegro","2008","",">100","90","0",""
"Montenegro","2007","","100","50","2",""
"Montenegro","2006","","89.0","83","2",""
"Montenegro","2005","","88.0","52","7",""
"Morocco","2015","330 [200 - 460]","","15","164"," 166"
"Morocco","2014","","3.4","14","115"," 123"
"Morocco","2013","","0.7","14","108"," 89"
"Morocco","2012","","0.9","21","80"," 138"
"Morocco","2011","","0.5","9.8","48"," 88"
"Morocco","2010","","0.4","24","65"," 263"
"Morocco","2009","","","",""," 0"
"Morocco","2008","","1.2","19","143"," 84"
"Morocco","2007","","0.4","","59",""
"Morocco","2005","","1.4","","180",""
"Mozambique","2015","2 800 [1 700 - 3 900]","17.0","31","646"," 646"
"Mozambique","2014","","3.6","15","544"," 482"
"Mozambique","2013","","2.7","8.8","444"," 313"
"Mozambique","2012","","1.0","5.4","292"," 213"
"Mozambique","2011","","1.1","10","303"," 146"
"Mozambique","2010","","0.4","6.2","175"," 87"
"Mozambique","2009","","0.4","5.9","161"," 103"
"Mozambique","2008","","0.4","16","181"," 56"
"Mozambique","2007","","0.3","18","163",""
"Mozambique","2006","","0.3","8.2","129",""
"Mozambique","2005","","0.6","16","115",""
"Myanmar","2015","9 000 [6 400 - 12 000]","6.6","46","2 793","2 207"
"Myanmar","2014","","24.0",">100","3 495","1 537"
"Myanmar","2013","","13.0","70","1 984"," 667"
"Myanmar","2012","","0.7","3.8","1 037"," 442"
"Myanmar","2011","","","","690"," 163"
"Myanmar","2010","","","","192"," 192"
"Myanmar","2009","","","9.9","815"," 64"
"Myanmar","2008","","","7.5","508"," 0"
"Myanmar","2007","","","","600",""
"Myanmar","2006","","","9.4","666",""
"Namibia","2015","540 [470 - 610]","","","320"," 308"
"Namibia","2014","","","","350"," 327"
"Namibia","2013","","","","283"," 170"
"Namibia","2012","","","","210"," 288"
"Namibia","2011","","","","192"," 242"
"Namibia","2010","","","","214"," 214"
"Namibia","2009","","","","301"," 292"
"Namibia","2008","","","","221"," 221"
"Namibia","2007","","0.0","","291",""
"Nauru","2015","1 [1 - 2]","0.0","0","0"," 0"
"Nauru","2014","","0.0","","0"," 0"
"Nauru","2011","","0.0","","0"," 0"
"Nauru","2009","","0.0","","0",""
"Nauru","2008","","","",""," 0"
"Nepal","2015","990 [650 - 1 300]","12.0","29","451"," 379"
"Nepal","2014","","14.0","26","406"," 349"
"Nepal","2013","","13.0","25","477"," 388"
"Nepal","2012","","1.2","24","360"," 251"
"Nepal","2011","","0.0","0","213"," 213"
"Nepal","2010","","0.8","6.2","229"," 229"
"Nepal","2009","","0.8","7.1","73"," 156"
"Nepal","2008","","0.9","10","76"," 49"
"Nepal","2007","","5.0","17","163",""
"Netherlands","2015","13 [5 - 20]","44.0","58","12"," 11"
"Netherlands","2014","",">100","58","7"," 6"
"Netherlands","2013","",">100","68","19"," 16"
"Netherlands","2012","","99.0","57","14"," 11"
"Netherlands","2011","","99.0","70","17"," 15"
"Netherlands","2010","","99.0","69","12"," 11"
"Netherlands","2009","",">100","60","22",""
"Netherlands","2008","",">100","65","13",""
"Netherlands","2007","",">100","","6",""
"Netherlands","2006","",">100",">100","5",""
"Netherlands","2005","",">100","68","13",""
"New Zealand","2015","6 [1 - 10]","","","",""
"New Zealand","2014","",">100","58","5",""
"New Zealand","2013","","2.4","","3"," 2"
"New Zealand","2012","",">100","80","4",""
"New Zealand","2011","",">100","83","2",""
"New Zealand","2010","",">100","91","5",""
"New Zealand","2009","",">100","89","7"," 7"
"New Zealand","2008","",">100","55","0"," 0"
"New Zealand","2007","",">100","47","2",""
"New Zealand","2006","",">100","80","1",""
"New Zealand","2005","",">100","74","4",""
"Nicaragua","2015","64 [30 - 97]","19.0","69","36"," 29"
"Nicaragua","2014","","0.8","27","18"," 20"
"Nicaragua","2013","","6.6","70","14"," 15"
"Nicaragua","2012","","0.0","0","25"," 9"
"Nicaragua","2011","","13.0","24","14"," 10"
"Nicaragua","2010","","3.5","52","20"," 10"
"Nicaragua","2009","","","",""," 0"
"Nicaragua","2008","","0.3","62","16"," 14"
"Nicaragua","2007","","14.0","80","8",""
"Nicaragua","2006","","0.0","60","3",""
"Nicaragua","2005","","0.6","3.0","50",""
"Niger","2015","370 [18 - 720]","<0.1","76","90"," 34"
"Niger","2014","","<0.1","14","46"," 47"
"Niger","2013","","0.0","13","29"," 40"
"Niger","2012","","0.0","6.2","35"," 77"
"Niger","2011","","<0.1","3.6","18"," 22"
"Niger","2010","","0.0","7.0","39"," 38"
"Niger","2009","","0.0","4.8","24"," 34"
"Niger","2008","","","","52"," 39"
"Nigeria","2015","4 700 [3 700 - 5 700]","40.0","64","1 241"," 656"
"Nigeria","2014","","","","798"," 423"
"Nigeria","2013","","","","554"," 426"
"Nigeria","2012","","<0.1","4.2","439"," 125"
"Nigeria","2011","","<0.1","0.9","183"," 38"
"Nigeria","2010","","<0.1","0.2","26"," 23"
"Nigeria","2009","","<0.1","0.3","47"," 0"
"Nigeria","2008","","0.4","0.3","23"," 0"
"Nigeria","2007","","<0.1","0.7","45",""
"Niue","2015","0 [0 - 0]","","","0"," 0"
"Niue","2014","","","","0"," 0"
"Niue","2013","","","","0"," 0"
"Niue","2012","","","","0"," 0"
"Niue","2011","","","","0"," 0"
"Niue","2010","","","","0"," 0"
"Niue","2009","","","","0",""
"Niue","2008","","","",""," 0"
"Norway","2015","7 [1 - 12]","71.0","47","6"," 5"
"Norway","2014","","88.0","73","8",""
"Norway","2013","","90.0","44","6"," 6"
"Norway","2012","","99.0","54","7"," 6"
"Norway","2011","","97.0","65","4"," 4"
"Norway","2010","","99.0","85","9"," 8"
"Norway","2009","",">100","67","9",""
"Norway","2008","",">100","52","4",""
"Norway","2007","",">100","71","3",""
"Norway","2006","",">100","53","3",""
"Norway","2005","",">100","57","3",""
"Oman","2015","7 [2 - 12]","79.0","100","9"," 3"
"Oman","2014","",">100","100","8"," 8"
"Oman","2013","",">100","100","3"," 2"
"Oman","2012","",">100","100","7"," 6"
"Oman","2011","",">100","100","4"," 4"
"Oman","2010","","59.0","89","2"," 1"
"Oman","2009","","74.0","100","5"," 5"
"Oman","2008","","39.0",">100","4"," 2"
"Oman","2007","","66.0",">100","5",""
"Oman","2006","","82.0",">100","7",""
"Oman","2005","","95.0",">100","5",""
"Pakistan","2015","14 000 [11 000 - 16 000]","1.0","84","3 059","2 553"
"Pakistan","2014","","0.3","72","3 243","2 662"
"Pakistan","2013","","4.6","22","2 596","1 495"
"Pakistan","2012","","0.4","1.3","2 501","1 045"
"Pakistan","2011","","","","432"," 344"
"Pakistan","2010","","<0.1","2.8","444"," 424"
"Pakistan","2009","","<0.1","0.7","50"," 368"
"Pakistan","2008","","<0.1","0.5","40"," 40"
"Palau","2015","0 [0 - 5]","57.0","","0"," 0"
"Palau","2014","","86.0","","1"," 1"
"Palau","2013","","100","","1"," 0"
"Palau","2012","","100","","0"," 0"
"Palau","2011","","100","0","2"," 1"
"Palau","2010","","58.0","","0"," 0"
"Palau","2009","","","","0"," 0"
"Palau","2007","","80.0","","0",""
"Palau","2005","","100","","0",""
"Panama","2015","59 [38 - 80]","21.0","35","34"," 34"
"Panama","2014","","22.0","26","31"," 20"
"Panama","2013","","23.0","49","29"," 4"
"Panama","2012","","0.3","3.3","15"," 4"
"Panama","2011","","3.0","25","14"," 8"
"Panama","2010","","8.1","8.2","13"," 9"
"Panama","2009","","","","19"," 8"
"Panama","2008","","3.7","2.1","5"," 5"
"Panama","2007","","2.4","6.6","5",""
"Panama","2006","","6.6","","15",""
"Panama","2005","","3.3","19","5",""
"Papua New Guinea","2015","1 100 [800 - 1 500]","","","254"," 225"
"Papua New Guinea","2014","","","","320"," 320"
"Papua New Guinea","2013","","","","129"," 145"
"Papua New Guinea","2012","","","","159"," 82"
"Papua New Guinea","2011","","","","15"," 60"
"Papua New Guinea","2008","","","","5"," 2"
"Paraguay","2015","76 [26 - 130]","26.0","49","13"," 15"
"Paraguay","2014","","23.0","39","11"," 13"
"Paraguay","2013","","19.0","33","8"," 5"
"Paraguay","2012","","15.0","27","9"," 6"
"Paraguay","2011","","15.0","30","9"," 3"
"Paraguay","2010","","8.2","18","4"," 5"
"Paraguay","2009","","4.2","18","8"," 7"
"Paraguay","2008","","20.0","21","6"," 4"
"Paraguay","2007","","14.0","14","5",""
"Paraguay","2006","","1.9","8.0","7",""
"Paraguay","2005","","","","13",""
"Peru","2015","2 000 [1 900 - 2 100]","70.0","87","1 534","1 738"
"Peru","2014","","73.0","83","1 463","1 671"
"Peru","2013","","78.0","100","1 462","1 425"
"Peru","2012","","79.0","52","1 356","1 510"
"Peru","2011","","6.5","16","1 997","1 374"
"Peru","2010","","","","1 048","1 702"
"Peru","2009","","4.4","19","3 180","1 856"
"Peru","2008","","1.3","26","1 074","1 055"
"Peru","2007","","0.9","23","945",""
"Peru","2006","","4.4","21","1 270",""
"Peru","2005","","","47","2 748",""
"Philippines","2015","15 000 [12 000 - 18 000]","1.5","45","3 788","4 142"
"Philippines","2014","","4.7","67","3 000","2 680"
"Philippines","2013","","3.2","70","3 962","2 262"
"Philippines","2012","","<0.1","12","2 673","1 918"
"Philippines","2011","","<0.1","17","3 074","2 397"
"Philippines","2010","","<0.1","2.7","532"," 548"
"Philippines","2009","","1.4","0.4","1 077"," 501"
"Philippines","2008","","<0.1","15","929"," 387"
"Philippines","2007","","<0.1","6.4","568",""
"Philippines","2006","","<0.1","8.4","403",""
"Philippines","2005","","<0.1","3.5","274",""
"Poland","2015","60 [42 - 79]","65.0","63","44"," 34"
"Poland","2014","","95.0","66","49",""
"Poland","2013","","93.0","58","47",""
"Poland","2012","","91.0","62","41"," 31"
"Poland","2011","","88.0","60","49"," 38"
"Poland","2010","","77.0","52","37"," 30"
"Poland","2009","","76.0","50","41"," 0"
"Poland","2008","","89.0","60","55",""
"Poland","2007","","60.0","50","51",""
"Poland","2005","",">100","","72",""
"Portugal","2015","22 [12 - 32]","45.0","52","19"," 19"
"Portugal","2014","","65.0","49","26"," 22"
"Portugal","2013","","65.0","30","16"," 15"
"Portugal","2012","","72.0","54","19"," 17"
"Portugal","2011","","81.0","55","35",""
"Portugal","2010","","83.0","56","31"," 19"
"Portugal","2009","","94.0","61","25",""
"Portugal","2008","","93.0","50","28",""
"Portugal","2007","","81.0","47","34",""
"Portugal","2006","","60.0","28","17",""
"Portugal","2005","","77.0","49","33",""
"Qatar","2014","",">100","","2"," 2"
"Qatar","2012","","2.0","","12"," 2"
"Qatar","2011","","1.6","","6"," 4"
"Qatar","2010","","100","","4"," 4"
"Qatar","2009","","100","","3"," 3"
"Qatar","2008","",">100","","5"," 5"
"Qatar","2007","",">100","","6",""
"Qatar","2006","","0.0","","3",""
"Qatar","2005","",">100","","2",""
"Republic of Korea","2015","2 200 [1 800 - 2 600]","45.0","51","961"," 986"
"Republic of Korea","2014","",">100","54","1 172"," 856"
"Republic of Korea","2013","","70.0","43","1 097"," 951"
"Republic of Korea","2012","","","","1 212","1 212"
"Republic of Korea","2011","","17.0","13","565"," 307"
"Republic of Korea","2010","","","","450",""
"Republic of Moldova","2015","1 700 [1 600 - 1 800]","56.0","58","1 042","1 020"
"Republic of Moldova","2014","","99.0","61","925"," 930"
"Republic of Moldova","2013","","86.0","69","1 054"," 931"
"Republic of Moldova","2012","","67.0","63","902"," 853"
"Republic of Moldova","2011","","74.0","68","1 026"," 765"
"Republic of Moldova","2010","","49.0","67","1 123"," 791"
"Republic of Moldova","2009","","73.0","68","1 110"," 334"
"Republic of Moldova","2008","","56.0","66","1 048",""
"Republic of Moldova","2007","","68.0","42","896",""
"Republic of Moldova","2006","","49.0",">100","1 279",""
"Republic of Moldova","2005","","32.0","37","338",""
"Romania","2015","670 [540 - 790]","48.0","64","579"," 591"
"Romania","2014","","73.0","64","578"," 648"
"Romania","2013","","59.0","59","627"," 650"
"Romania","2012","","43.0","47","608"," 729"
"Romania","2011","","42.0","48","647"," 736"
"Romania","2010","","38.0","46","640"," 502"
"Romania","2009","","34.0","46","699",""
"Romania","2008","","30.0","42","816",""
"Romania","2007","","23.0","37","754",""
"Romania","2006","","","","139",""
"Romania","2005","","13.0","19","530",""
"Russian Federation","2015","42 000 [35 000 - 48 000]","38.0","31","17 132","26 756"
"Russian Federation","2014","","84.0","28","15 585","21 904"
"Russian Federation","2013","","84.0","23","13 521","20 372"
"Russian Federation","2012","","79.0","24","13 612","18 452"
"Russian Federation","2011","","78.0","25","13 785","18 902"
"Russian Federation","2010","","72.0","29","13 692","13 692"
"Russian Federation","2009","","76.0","21","14 686","8 143"
"Russian Federation","2008","","72.0","6.8","6 960",""
"Russian Federation","2007","","60.0","5.0","5 297",""
"Rwanda","2015","120 [73 - 180]","26.0","19","94"," 93"
"Rwanda","2014","","36.0","28","82"," 81"
"Rwanda","2013","","7.7","12","42"," 43"
"Rwanda","2012","","","","60"," 58"
"Rwanda","2011","","","","81"," 85"
"Rwanda","2010","","4.0","68","100"," 85"
"Rwanda","2009","","1.8","29","82"," 77"
"Rwanda","2008","","1.0","19","79"," 64"
"Rwanda","2007","","0.0","","102",""
"Rwanda","2005","","1.4","0","35",""
"Saint Kitts and Nevis","2014","","0.0","","0"," 0"
"Saint Kitts and Nevis","2013","","","","0"," 0"
"Saint Kitts and Nevis","2012","","0.0","","0"," 0"
"Saint Kitts and Nevis","2011","","0.0","","0"," 0"
"Saint Kitts and Nevis","2010","","0.0","","0"," 0"
"Saint Kitts and Nevis","2009","","","",""," 0"
"Saint Kitts and Nevis","2008","","","",""," 0"
"Saint Lucia","2015","0 [0 - 0]","","","0"," 0"
"Saint Lucia","2014","",">100","","0"," 0"
"Saint Lucia","2013","","62.0","","0"," 0"
"Saint Lucia","2012","","36.0","","0"," 0"
"Saint Lucia","2011","","29.0","","0"," 0"
"Saint Lucia","2010","","0.0","","0"," 0"
"Saint Lucia","2009","","0.0","0","0"," 0"
"Saint Lucia","2008","","","",""," 0"
"Saint Lucia","2007","","0.0","0","0",""
"Saint Vincent and the Grenadines","2015","0 [0 - 0]","100","","0"," 0"
"Saint Vincent and the Grenadines","2014","","100","100","0"," 0"
"Saint Vincent and the Grenadines","2013","","100","","0"," 0"
"Saint Vincent and the Grenadines","2012","","48.0","0","0"," 0"
"Saint Vincent and the Grenadines","2011","","12.0","","0"," 0"
"Saint Vincent and the Grenadines","2010","","22.0","","0"," 0"
"Saint Vincent and the Grenadines","2009","","","",""," 0"
"Saint Vincent and the Grenadines","2008","","","",""," 0"
"Saint Vincent and the Grenadines","2005","","86.0","","6",""
"Samoa","2015","0 [0 - 4]","0.0","","0"," 0"
"Samoa","2014","",">100","0","0"," 0"
"Samoa","2013","","100","","0"," 0"
"Samoa","2012","","84.0","","1"," 0"
"Samoa","2011","","","","0"," 0"
"Samoa","2010","","0.0","","0"," 0"
"Samoa","2008","","","",""," 0"
"Sao Tome and Principe","2015","38 [28 - 49]","1.2","69","0"," 0"
"Sao Tome and Principe","2014","","7.1","11","2"," 2"
"Sao Tome and Principe","2013","","1.3","12","3"," 3"
"Sao Tome and Principe","2012","","27.0","53","16"," 8"
"Sao Tome and Principe","2011","","1.9","12","4"," 4"
"Sao Tome and Principe","2010","","","","0"," 0"
"Sao Tome and Principe","2009","","","",""," 0"
"Saudi Arabia","2015","110 [91 - 130]","34.0","36","45"," 45"
"Saudi Arabia","2014","","56.0","42","67"," 51"
"Saudi Arabia","2013","","0.5","5.5","26"," 23"
"Saudi Arabia","2012","","","","20"," 20"
"Saudi Arabia","2011","","","","22"," 22"
"Saudi Arabia","2010","","","","14"," 0"
"Saudi Arabia","2009","","","",""," 0"
"Saudi Arabia","2008","","","","21"," 21"
"Senegal","2015","280 [180 - 370]","44.0",">100","78",""
"Senegal","2014","","40.0",">100","70"," 49"
"Senegal","2013","","2.4","35","52"," 48"
"Senegal","2012","","0.4","14","46"," 32"
"Senegal","2011","","0.2","8.7","51"," 27"
"Senegal","2010","","0.5","6.4","46"," 10"
"Senegal","2009","","0.7","2.8","11"," 0"
"Senegal","2008","","2.2","2.7","7"," 0"
"Senegal","2007","","2.4","3.6","10",""
"Serbia","2015","20 [9 - 31]","27.0","28","5"," 5"
"Serbia","2014","","70.0","37","14"," 13"
"Serbia","2013","","70.0","62","12"," 10"
"Serbia","2012","","84.0","46","10"," 9"
"Serbia","2011","","91.0","62","9"," 9"
"Serbia","2010","","67.0","56","16"," 8"
"Serbia","2008","","63.0","46","16",""
"Serbia","2007","","61.0","59","25",""
"Serbia","2006","","67.0","42","10",""
"Serbia","2005","","76.0","40","17",""
"Seychelles","2015","0 [0 - 3]","75.0","","0"," 0"
"Seychelles","2014","","100","","0"," 0"
"Seychelles","2013","","100","","0"," 0"
"Seychelles","2012","","82.0","100","0"," 0"
"Seychelles","2011","","0.0","","0"," 0"
"Seychelles","2010","","","","0"," 0"
"Seychelles","2009","","","","0"," 0"
"Seychelles","2008","","","",""," 0"
"Sierra Leone","2015","420 [0 - 860]","","",""," 0"
"Sierra Leone","2014","","","","0"," 0"
"Sierra Leone","2013","","0.0","0","0"," 0"
"Sierra Leone","2011","","","","8",""
"Singapore","2015","19 [8 - 30]","65.0","64","13"," 12"
"Singapore","2014","",">100","61","16"," 16"
"Singapore","2013","",">100","65","21"," 15"
"Singapore","2012","","98.0","58","24"," 22"
"Singapore","2011","","97.0","64","10"," 5"
"Singapore","2010","","97.0","61","5"," 3"
"Singapore","2009","","98.0","64","4"," 3"
"Singapore","2008","","97.0","68","4"," 4"
"Singapore","2007","","96.0","70","6",""
"Singapore","2006","","97.0","62","9",""
"Singapore","2005","","96.0","69","8",""
"Slovakia","2015","1 [0 - 3]","0.7","15","7"," 2"
"Slovakia","2014","",">100","81","7"," 2"
"Slovakia","2013","","96.0","73","8"," 7"
"Slovakia","2012","","95.0","55","4"," 1"
"Slovakia","2011","","92.0","58","6"," 3"
"Slovakia","2010","","95.0","58","1"," 1"
"Slovakia","2009","","99.0","46","2",""
"Slovakia","2008","",">100","63","4",""
"Slovakia","2007","",">100","55","7",""
"Slovakia","2006","",">100","59","7",""
"Slovakia","2005","","82.0","52","11",""
"Slovenia","2015","0 [0 - 0]","93.0","70","0"," 0"
"Slovenia","2014","",">100","100","0"," 0"
"Slovenia","2013","","99.0","86","0"," 0"
"Slovenia","2012","","100","86","0"," 0"
"Slovenia","2011","","100","100","0"," 0"
"Slovenia","2010","","100","82","0"," 0"
"Slovenia","2009","",">100","100","1",""
"Slovenia","2008","",">100","81","2",""
"Slovenia","2007","",">100","83","0",""
"Slovenia","2006","",">100","62","1",""
"Slovenia","2005","",">100","97","1",""
"Solomon Islands","2015","12 [7 - 18]","14.0","45","1"," 1"
"Solomon Islands","2014","","6.2","18","0"," 0"
"Solomon Islands","2013","","0.0","54","0"," 0"
"Solomon Islands","2012","","5.7","100","0"," 0"
"Solomon Islands","2011","","0.0","0","0"," 0"
"Solomon Islands","2010","","0.8","20","0"," 0"
"Solomon Islands","2009","","3.6",">100","0"," 0"
"Solomon Islands","2008","","","",""," 0"
"Solomon Islands","2006","",">100","100","0",""
"Somalia","2015","1 200 [920 - 1 500]","0.0","10","75"," 74"
"Somalia","2014","","0.3","29","176"," 76"
"Somalia","2013","","4.4","20","185"," 30"
"Somalia","2012","","4.3","11","82"," 0"
"Somalia","2011","","4.4","2.0","25"," 0"
"Somalia","2010","","9.3","11","80"," 0"
"Somalia","2009","","","",""," 0"
"Somalia","2008","","","",""," 0"
"South Africa","2015","10 000 [8 200 - 12 000]","65.0","71","19 613","12 527"
"South Africa","2014","","","","18 734","11 538"
"South Africa","2013","","","","26 023","10 663"
"South Africa","2012","","","","25 489","6 494"
"South Africa","2011","","","","11 853","5 643"
"South Africa","2010","","","","16 544","5 402"
"South Africa","2009","","","","9 070","4 143"
"South Africa","2008","","","","8 026",""
"South Africa","2007","","","","7 350",""
"South Africa","2006","","","","6 716",""
"South Africa","2005","","","","2 000",""
"South Sudan","2015","370 [220 - 510]","6.5","8.4","20"," 0"
"South Sudan","2014","","","7.2","6"," 0"
"South Sudan","2013","","3.0","","1"," 0"
"South Sudan","2012","","","","3",""
"South Sudan","2011","","","1.5","7",""
"Spain","2015","25 [10 - 40]","","","",""
"Spain","2014","","52.0","48","39",""
"Spain","2013","","48.0","35","42",""
"Spain","2012","","21.0","22","38",""
"Spain","2011","","23.0","25","45",""
"Spain","2010","","21.0","31","53",""
"Spain","2009","","","96","63",""
"Spain","2008","","34.0","38","76",""
"Spain","2006","","37.0","13","50",""
"Sri Lanka","2015","43 [0 - 93]","13.0","75","15"," 13"
"Sri Lanka","2014","","28.0",">100","42"," 11"
"Sri Lanka","2013","","21.0","99","12"," 4"
"Sri Lanka","2012","","23.0","55","8"," 5"
"Sri Lanka","2011","","24.0",">100","24"," 10"
"Sri Lanka","2010","","18.0","99","15"," 6"
"Sri Lanka","2009","","17.0",">100","20"," 4"
"Sri Lanka","2008","","16.0","82","8"," 5"
"Sri Lanka","2007","","18.0","89","8",""
"Sri Lanka","2006","","12.0","77","16",""
"Sri Lanka","2005","","12.0","82","32",""
"Sudan","2015","780 [140 - 1 400]","0.7","8.2","152"," 77"
"Sudan","2014","","0.4","5.8","82"," 74"
"Sudan","2013","","0.6","4.6","95"," 72"
"Sudan","2012","","0.7","7.4","138"," 58"
"Sudan","2011","","0.3","4.7","83"," 80"
"Sudan","2010","","","","49"," 50"
"Sudan","2009","","1.2","10","202"," 94"
"Sudan","2008","","0.8","3.1","70"," 70"
"Sudan","2007","","0.3","6.4","51",""
"Sudan","2005","","","0.2","45",""
"Suriname","2015","14 [5 - 23]","77.0","40","8"," 0"
"Suriname","2014","","88.0","81","9"," 0"
"Suriname","2013","","70.0","22","4"," 0"
"Suriname","2012","","7.8","0","7"," 0"
"Suriname","2011","","0.0","0","0"," 0"
"Suriname","2010","","0.7","","0",""
"Suriname","2009","","0.7","0","1"," 1"
"Suriname","2008","","52.0","43","1"," 0"
"Suriname","2005","","44.0","0","1",""
"Swaziland","2015","490 [330 - 660]","31.0","","256"," 324"
"Swaziland","2014","","","","358"," 380"
"Swaziland","2013","","16.0","31","491"," 199"
"Swaziland","2012","","","","642"," 484"
"Swaziland","2011","","","","386"," 165"
"Swaziland","2010","","2.9","35","341"," 344"
"Swaziland","2009","","63.0","","380"," 166"
"Swaziland","2008","","9.6","74","170"," 93"
"Swaziland","2007","","0.0","30","110",""
"Sweden","2015","27 [15 - 39]","85.0","62","26"," 21"
"Sweden","2014","",">100","53","18"," 15"
"Sweden","2013","",">100","60","9"," 8"
"Sweden","2012","","100","62","15"," 12"
"Sweden","2011","","100","69","19"," 17"
"Sweden","2010","","100","58","20"," 18"
"Sweden","2009","",">100","76","14",""
"Sweden","2008","",">100","81","12",""
"Sweden","2007","",">100","59","15",""
"Sweden","2006","",">100",">100","3",""
"Sweden","2005","",">100","57","5",""
"Switzerland","2015","21 [10 - 32]","80.0","61","16"," 14"
"Switzerland","2014","","85.0","70","17",""
"Switzerland","2013","","96.0","73","16"," 0"
"Switzerland","2012","","98.0","66","8"," 8"
"Switzerland","2011","","98.0","74","11"," 8"
"Switzerland","2010","",">100","82","10"," 9"
"Switzerland","2009","",">100","80","5",""
"Switzerland","2008","",">100","64","5",""
"Switzerland","2007","",">100","71","8",""
"Switzerland","2006","",">100","89","4",""
"Switzerland","2005","",">100","61","6",""
"Syrian Arab Republic","2015","150 [100 - 200]","9.0","56","19"," 9"
"Syrian Arab Republic","2014","","19.0","32","31"," 8"
"Syrian Arab Republic","2013","","12.0","26","9"," 2"
"Syrian Arab Republic","2012","","13.0","30","41"," 7"
"Syrian Arab Republic","2011","","12.0","61","64"," 12"
"Syrian Arab Republic","2010","","1.7","5.6","28"," 13"
"Syrian Arab Republic","2009","","","8.0","14"," 15"
"Syrian Arab Republic","2008","","0.0","0","31"," 23"
"Syrian Arab Republic","2007","","0.2","15","12",""
"Syrian Arab Republic","2006","","0.0","12","14",""
"Syrian Arab Republic","2005","","0.0","0","7",""
"Tajikistan","2015","1 300 [1 200 - 1 300]","50.0","60","675"," 636"
"Tajikistan","2014","","100","64","902"," 804"
"Tajikistan","2013","","100","54","872"," 625"
"Tajikistan","2012","","71.0","87","966"," 535"
"Tajikistan","2011","","10.0","53","723"," 380"
"Tajikistan","2010","","7.0","23","620"," 245"
"Tajikistan","2009","","42.0",">100","345"," 52"
"Thailand","2015","2 500 [2 000 - 3 000]","10.0","30","466"," 506"
"Thailand","2014","","13.0","38","506",""
"Thailand","2013","","9.9","12","230"," 230"
"Thailand","2012","","","","578",""
"Thailand","2011","","","","612"," 123"
"Thailand","2010","","","",""," 9"
"Thailand","2009","","","",""," 296"
"Thailand","2008","","","","358"," 358"
"The former Yugoslav republic of Macedonia","2015","6 [1 - 12]","64.0","65","5"," 5"
"The former Yugoslav republic of Macedonia","2014","","92.0","78","3"," 3"
"The former Yugoslav republic of Macedonia","2013","","89.0","48","2"," 0"
"The former Yugoslav republic of Macedonia","2012","","81.0","84","5"," 3"
"The former Yugoslav republic of Macedonia","2011","","72.0","45","7"," 1"
"The former Yugoslav republic of Macedonia","2010","",">100","54","7"," 7"
"The former Yugoslav republic of Macedonia","2009","","80.0","50","4"," 1"
"The former Yugoslav republic of Macedonia","2008","","69.0","30","2",""
"The former Yugoslav republic of Macedonia","2007","","68.0","38","9",""
"The former Yugoslav republic of Macedonia","2006","","63.0","30","6",""
"The former Yugoslav republic of Macedonia","2005","","51.0","18","4",""
"Timor-Leste","2015","120 [110 - 130]","4.6","12","4"," 4"
"Timor-Leste","2014","","","99","3"," 3"
"Timor-Leste","2013","","0.0","3.0","2"," 2"
"Timor-Leste","2012","","","8.2","4"," 4"
"Timor-Leste","2011","","0.0","2.9","2"," 4"
"Timor-Leste","2010","","","","5",""
"Timor-Leste","2009","","0.0","12","4"," 1"
"Timor-Leste","2008","","0.0","26","3"," 3"
"Togo","2015","79 [0 - 170]","0.0","55","24"," 0"
"Togo","2014","","<0.1","11","9"," 1"
"Togo","2013","","0.4","80","19"," 12"
"Togo","2012","","0.0","1.1","4"," 2"
"Togo","2011","","4.1","39","12"," 4"
"Togo","2010","","","","2"," 0"
"Togo","2009","","0.0","1.9","4"," 0"
"Togo","2008","","0.0","20","2"," 1"
"Togo","2007","","0.9","16","2",""
"Tonga","2015","0 [0 - 0]","0.0","","0"," 0"
"Tonga","2014","","0.0","","0"," 0"
"Tonga","2013","","0.0","","0"," 0"
"Tonga","2012","","0.0","","0"," 0"
"Tonga","2011","","0.0","","0"," 0"
"Tonga","2010","","0.0","","0"," 0"
"Tonga","2009","","","",""," 0"
"Tonga","2008","","","",""," 0"
"Trinidad and Tobago","2015","9 [7 - 10]","36.0","32","2"," 1"
"Trinidad and Tobago","2014","","34.0","29","0"," 1"
"Trinidad and Tobago","2013","","16.0","46","13"," 14"
"Trinidad and Tobago","2012","","2.4","19","0"," 0"
"Trinidad and Tobago","2010","","","","0"," 0"
"Trinidad and Tobago","2009","","0.0","0","0"," 0"
"Trinidad and Tobago","2008","","3.6","6.4","0"," 0"
"Trinidad and Tobago","2007","","80.0","77","40",""
"Trinidad and Tobago","2006","","12.0","19","1",""
"Trinidad and Tobago","2005","","0.0","14","3",""
"Tunisia","2015","15 [7 - 22]","34.0","85","13"," 13"
"Tunisia","2014","","96.0","59","14"," 14"
"Tunisia","2013","","73.0","60","17"," 14"
"Tunisia","2012","","0.3","22","17"," 15"
"Tunisia","2011","","0.2","20","12"," 12"
"Tunisia","2010","","0.6","17","12"," 12"
"Tunisia","2009","","32.0","","24"," 10"
"Tunisia","2008","","","","36"," 8"
"Tunisia","2007","","","","12",""
"Tunisia","2006","","","","10",""
"Turkey","2015","440 [390 - 490]","43.0","60","304"," 238"
"Turkey","2014","","84.0","56","349"," 257"
"Turkey","2013","","83.0","56","283"," 228"
"Turkey","2012","","71.0","55","357"," 291"
"Turkey","2011","","63.0","48","325"," 275"
"Turkey","2010","","64.0","45","335"," 250"
"Turkey","2009","","52.0","41","282"," 222"
"Turkey","2008","","52.0","44","263",""
"Turkey","2007","","47.0","41","240",""
"Turkey","2006","","45.0","35","249",""
"Turkey","2005","","38.0","20","191",""
"Turkmenistan","2014","","16.0","31","210"," 210"
"Turkmenistan","2013","","","","81"," 81"
"Turkmenistan","2010","","7.0","77","43",""
"Turkmenistan","2009","","12.0","","46",""
"Turkmenistan","2006","","0.0","42","16",""
"Tuvalu","2015","1 [1 - 1]","5.0","","0"," 0"
"Tuvalu","2014","","0.0","0","0"," 0"
"Tuvalu","2013","","0.0","","0"," 0"
"Tuvalu","2012","","11.0","","2"," 1"
"Tuvalu","2011","","","","0"," 0"
"Tuvalu","2010","","0.0","","0"," 0"
"Tuvalu","2009","","0.0","","0"," 0"
"Tuvalu","2008","","","",""," 0"
"Uganda","2015","1 000 [660 - 1 400]","8.4","37","288"," 253"
"Uganda","2014","","7.5","18","255"," 213"
"Uganda","2013","","0.4","9.9","117"," 199"
"Uganda","2012","","5.1","19","172"," 41"
"Uganda","2011","","1.2","9.0","135"," 7"
"Uganda","2010","","1.5","9.0","135"," 10"
"Uganda","2009","","1.6","5.7","64"," 2"
"Uganda","2008","","2.1","13","26"," 7"
"Uganda","2005","","","","46",""
"Ukraine","2015","12 000 [11 000 - 13 000]","62.0","77","9 397","9 787"
"Ukraine","2014","","97.0","69","7 735","8 201"
"Ukraine","2013","","81.0","52","10 585","9 000"
"Ukraine","2012","","77.0","72","7 615","7 672"
"Ukraine","2011","","61.0","38","4 530","4 957"
"Ukraine","2010","","66.0","95","6 055","3 870"
"Ukraine","2009","","88.0",">100","5 419","3 186"
"United Arab Emirates","2015","1 [1 - 1]","48.0","67","0"," 0"
"United Arab Emirates","2014","","70.0","60","1"," 1"
"United Arab Emirates","2013","","57.0","100","0"," 0"
"United Arab Emirates","2012","","52.0","38","2"," 2"
"United Arab Emirates","2011","","5.0","0","1"," 1"
"United Arab Emirates","2010","","","","0"," 0"
"United Arab Emirates","2009","","","",""," 2"
"United Arab Emirates","2008","","","100","1"," 1"
"United Arab Emirates","2007","","","","1",""
"United Arab Emirates","2005","","","","4",""
"United Kingdom of Great Britain and Northern Ireland","2015","58 [39 - 77]","58.0","51","57"," 62"
"United Kingdom of Great Britain and Northern Ireland","2014","",">100","46","63"," 60"
"United Kingdom of Great Britain and Northern Ireland","2013","",">100","49","86"," 70"
"United Kingdom of Great Britain and Northern Ireland","2012","","97.0","51","91"," 84"
"United Kingdom of Great Britain and Northern Ireland","2011","","97.0","47","92"," 81"
"United Kingdom of Great Britain and Northern Ireland","2010","","96.0","48","76"," 60"
"United Kingdom of Great Britain and Northern Ireland","2009","",">100","45","73",""
"United Kingdom of Great Britain and Northern Ireland","2008","",">100","45","53",""
"United Kingdom of Great Britain and Northern Ireland","2007","",">100","58","56",""
"United Kingdom of Great Britain and Northern Ireland","2006","",">100",">100","52",""
"United Kingdom of Great Britain and Northern Ireland","2005","",">100","59","54",""
"United Republic of Tanzania","2015","730 [320 - 1 100]","13.0","30","178"," 123"
"United Republic of Tanzania","2014","","40.0","34","516"," 143"
"United Republic of Tanzania","2013","","4.9","26","279"," 93"
"United Republic of Tanzania","2012","","2.9","32","83"," 44"
"United Republic of Tanzania","2011","","0.3","0.6","68"," 68"
"United Republic of Tanzania","2010","","0.4","6.5","41"," 17"
"United Republic of Tanzania","2009","","0.8","4.2","54"," 16"
"United Republic of Tanzania","2008","","1.0","4.3","24"," 0"
"United Republic of Tanzania","2007","","","","169",""
"United Republic of Tanzania","2006","","1.5","3.7","13",""
"United Republic of Tanzania","2005","","0.6","8.0","10",""
"United States of America","2015","130 [110 - 160]","76.0","65","109",""
"United States of America","2014","",">100","70","108"," 107"
"United States of America","2013","",">100","63","108"," 90"
"United States of America","2012","",">100","","105"," 80"
"United States of America","2011","","99.0","","140"," 117"
"United States of America","2010","",">100","","138"," 92"
"United States of America","2009","",">100","","251"," 114"
"United States of America","2008","",">100","","132"," 14"
"United States of America","2007","",">100","","124",""
"United States of America","2006","",">100","","123",""
"United States of America","2005","",">100","","168",""
"Uruguay","2015","4 [0 - 9]","72.0","69","3"," 3"
"Uruguay","2014","","69.0","39","2"," 2"
"Uruguay","2013","","68.0","57","4"," 1"
"Uruguay","2012","","88.0","76","4"," 1"
"Uruguay","2011","","75.0","72","3"," 1"
"Uruguay","2010","","36.0","54","1"," 1"
"Uruguay","2009","","","",""," 1"
"Uruguay","2008","","96.0","77","0"," 0"
"Uruguay","2007","","93.0","70","1",""
"Uruguay","2006","","90.0","66","1",""
"Uzbekistan","2015","5 800 [4 900 - 6 600]","28.0","78","2 149","2 149"
"Uzbekistan","2014","",">100","77","3 844","3 665"
"Uzbekistan","2013","","99.0","45","5 751","2 647"
"Uzbekistan","2012","","53.0","39","2 233","1 491"
"Uzbekistan","2011","","9.5","11","1 435"," 855"
"Uzbekistan","2010","","60.0","26","1 042"," 628"
"Uzbekistan","2009","","12.0","30","746"," 464"
"Uzbekistan","2008","","5.4","9.2","342",""
"Uzbekistan","2007","","6.1","10","484",""
"Uzbekistan","2006","","2.9","4.0","83",""
"Uzbekistan","2005","","0.0","4.8","86",""
"Vanuatu","2015","0 [0 - 0]","0.0","0","0"," 0"
"Vanuatu","2014","","0.0","0","0"," 0"
"Vanuatu","2013","","0.0","0","0"," 0"
"Vanuatu","2012","","0.0","0","0"," 0"
"Vanuatu","2011","","0.0","0","0"," 0"
"Vanuatu","2010","","","","0"," 0"
"Vanuatu","2009","","0.0","0","0"," 0"
"Vanuatu","2008","","","",""," 0"
"Vanuatu","2006","","69.0","","0",""
"Venezuela (Bolivarian Republic of)","2015","230 [130 - 320]","6.1","35","43"," 31"
"Venezuela (Bolivarian Republic of)","2014","","7.5","34","26"," 26"
"Venezuela (Bolivarian Republic of)","2013","","2.2","32","41"," 19"
"Venezuela (Bolivarian Republic of)","2012","","13.0","26","34"," 21"
"Venezuela (Bolivarian Republic of)","2011","","17.0","48","35"," 21"
"Venezuela (Bolivarian Republic of)","2010","","0.8","36","24"," 21"
"Venezuela (Bolivarian Republic of)","2009","","0.6","37","23"," 21"
"Venezuela (Bolivarian Republic of)","2008","","0.4","27","8"," 8"
"Venezuela (Bolivarian Republic of)","2007","","0.5","22","3",""
"Venezuela (Bolivarian Republic of)","2006","","0.8","27","22",""
"Venezuela (Bolivarian Republic of)","2005","","4.3","4.3","28",""
"Viet Nam","2015","5 200 [4 100 - 6 300]","7.9","100","2 602","2 131"
"Viet Nam","2014","","5.5","96","2 198","1 532"
"Viet Nam","2013","","0.7","45","1 204"," 948"
"Viet Nam","2012","","","","769"," 713"
"Viet Nam","2011","","","","601"," 578"
"Viet Nam","2010","","","","101"," 101"
"Viet Nam","2009","","","","217"," 307"
"Yemen","2015","150 [81 - 220]","0.0","11","23"," 23"
"Yemen","2014","","34.0","24","53"," 50"
"Yemen","2013","","19.0","18","19"," 9"
"Yemen","2012","","5.5","5.1","8"," 0"
"Yemen","2010","","1.5","7.8","5"," 0"
"Yemen","2009","","1.1","9.6","14",""
"Yemen","2008","","1.9","14","2"," 10"
"Yemen","2007","","2.1","4.0","2",""
"Yemen","2006","","15.0","17","21",""
"Yemen","2005","","","","1",""
"Zambia","2015","1 500 [990 - 2 100]","0.2","9.2","196"," 99"
"Zambia","2013","","","","79"," 79"
"Zambia","2012","","","","80"," 97"
"Zambia","2009","","0.5","1.2","33"," 0"
"Zambia","2008","","0.0","11","56"," 36"
"Zambia","2007","","0.0","8.6","27",""
"Zambia","2006","","","","50",""
"Zimbabwe","2015","1 100 [690 - 1 600]","","","468"," 433"
"Zimbabwe","2014","","3.0","6.4","412"," 381"
"Zimbabwe","2013","","","","433"," 351"
"Zimbabwe","2012","","3.0","6.0","258"," 234"
"Zimbabwe","2011","","0.0","0","136"," 64"
"Zimbabwe","2010","","","","40"," 27"
"Zimbabwe","2009","","","",""," 0"
"Zimbabwe","2008","","","",""," 0"
